id,name,parent_page_id,parent_name,depth,path,sort_order,date_created,date_updated,word_count,content_md,clickup_url,avatar
kg3eh-1037532,Lederhåndbog,,,0,Lederhåndbog,0,2026-03-09T08:32:30.935Z,2026-03-10T13:07:07.546Z,207,"## Formål
Formålet med lederhåndbogen er at skabe en fælles ramme for ledelse i Searchmind. Håndbogen skal sikre, at alle ledere arbejder struktureret og ensartet med trivsel, performance, udvikling, feedback og opfølgning på medarbejdere og teamet.

Dit lederansvar handler om at skabe struktur, retning, opfølgning og udvikling i hverdagen. Formålet er at sikre, at ledelse ikke kun bliver noget, du gør, når der opstår behov, men noget du driver konsekvent og bevidst over tid.

Du har ansvar for, at de faste ledelsesrytmer bliver gennemført, og at der bliver fulgt op på både trivsel, mål, performance og administration.

Som leder skal du:
*   afholde månedlige PitStops med alle medarbejdere
*   sikre opdaterede SMART Goals i ClickUp
*   tage noter i PitStop Notes
*   følge op på Goal Health og Actions
*   forberede dig til Roundtable og deltage aktivt
*   følge op på NPS og udvikling i kundeportefølje
*   opdatere Zenegy rettidigt
*   gennemføre årligt review og lønsamtale

Du har også ansvar for at arbejde med de faste ClickUp-opgaver:
*   Forberedelse til PitStop
*   Opfølgning på medarbejder

Ved at tage ejerskab for denne struktur får du som leder et mere solidt fundament for din ledelse, bedre overblik i hverdagen og stærkere forudsætninger for at udvikle både medarbejdere og afdeling.",https://app.clickup.com/20450769/v/dc/kg3eh-1581/kg3eh-1037532,"{""value"":""emoji::📗""}"
kg3eh-1037632,Årligt review & lønsamtale,kg3eh-1037532,Lederhåndbog,1,Lederhåndbog / Årligt review & lønsamtale,0,2026-03-09T08:34:40.385Z,2026-03-09T09:15:30.351Z,251,"Årligt review og lønsamtale er din faste ramme for den samlede evaluering af medarbejderens performance, udvikling og fremadrettede retning. Formålet er at give dig et tydeligt årligt nedslagspunkt, hvor du både samler op på året, afstemmer forventninger og gennemfører løndialogen.

Samtalen skal hjælpe dig med at skabe klarhed for medarbejderen om, hvordan året er gået, hvad der er lykkedes, hvad der skal udvikles, og hvad der er vigtigt fremadrettet.

Når du forbereder og gennemfører årligt review og lønsamtale, skal du:
*   afholde samtalen i februar for alle medarbejdere
*   tage udgangspunkt i SMART Goals og KPI’er
*   forberede dig på dialog om performance, adfærd og udvikling
*   skabe tydelig forventningsafstemning om næste periode
*   gennemføre lønsamtalen med afsæt i den givne lønpulje
*   følge op med relevant dokumentation og eventuelle kontrakttillæg

I januar får du en brief fra Brian om lønpuljer og samlet overblik over Searchmind. Inden samtalen sender du en prebrief på mail til medarbejderen, så rammen og forventningerne er tydelige på forhånd.

I samtalen skal du som minimum komme omkring:
*   lønsamtale
*   samarbejde generelt
*   status på Searchmind
*   SMART Goals og KPI’er
*   forventninger og udvikling fremadrettet

Når du følger op efter samtalen, skal info om kontrakttillæg sendes samlet til Nico på mail for hele afdelingen.

Ved at arbejde struktureret med årligt review og lønsamtale får du som leder et stærkere grundlag for at skabe tydelighed, udvikling og motivation hos medarbejderen.

Obs. Løn og kontrakter opdateres af Damgaard, som skal modtage en mail med relevant information hertil.",https://app.clickup.com/20450769/v/dc/kg3eh-1581/kg3eh-1037632,
kg3eh-1037652,Feedback,kg3eh-1037532,Lederhåndbog,1,Lederhåndbog / Feedback,1,2026-03-09T08:35:02.693Z,2026-03-10T13:09:28.820Z,201,"Lederevaluering og feedback er din faste ramme for at følge op på medarbejderens performance, adfærd og samarbejde. Formålet er at give dig et tydeligt grundlag for at anerkende det, der fungerer, og tage fat i det, der skal udvikles.

Feedback skal være en naturlig del af din løbende ledelse og ikke kun noget, du tager frem ved årlige samtaler eller særlige situationer. Jo tættere din feedback ligger på konkrete handlinger og adfærd, jo lettere er den at forstå og handle på for medarbejderen.

Når du arbejder med feedback og evaluering, skal du sikre, at du:
*   giver feedback løbende og tæt på situationen
*   tager udgangspunkt i konkrete observationer
*   både anerkender styrker og adresserer udviklingsområder
*   følger op på aftaler og adfærd
*   bruger PitStops og andre 1:1-dialoger aktivt
*   dokumenterer væsentlige observationer ved behov i ClickUp

Din feedback kan blandt andet tage udgangspunkt i:
*   Toggle eller Toggl
*   røde opgaver i ClickUp
*   successer og stærk performance
*   ros og anerkendelse
*   samarbejde og adfærd
*   opfølgning på tidligere aftaler

Ved at arbejde aktivt med feedback får du som leder større tydelighed i din ledelse, og medarbejderen får en bedre forståelse af egne styrker, forventninger og næste udviklingsskridt.",https://app.clickup.com/20450769/v/dc/kg3eh-1581/kg3eh-1037652,
kg3eh-1037552,PitStops,kg3eh-1037652,Feedback,2,Lederhåndbog / Feedback / PitStops,0,2026-03-09T08:32:51.288Z,2026-03-10T13:01:59.983Z,157,"PitStops er din faste ramme for den løbende 1:1-opfølgning med medarbejderen. Formålet er at give dig et fast rum til at følge op på trivsel, udvikling, fremdrift og eventuelle udfordringer i hverdagen.

Når du holder PitStop, skal du ikke kun følge op på opgaver og mål. Du skal også bruge samtalen til at forstå, hvordan medarbejderen har det, hvad der fylder, og hvor du som leder skal støtte, udfordre eller skabe tydeligere retning.

Når du arbejder med PitStops, skal du sikre, at du:
*   afholder dem hver måned med hver medarbejder
*   følger op på trivsel, status og udvikling
*   gennemgår SMART Goals
*   vurderer Goal Health sammen med medarbejderen
*   afslutter mødet med klare fokuspunkter frem mod næste PitStop
*   dokumenterer mødet i PitStop Notes i ClickUp

Ved at arbejde struktureret med PitStops får du som leder et bedre grundlag for at følge op i tide, styrke relationen til medarbejderen og skabe kontinuitet i din ledelse.",https://app.clickup.com/20450769/v/dc/kg3eh-1581/kg3eh-1037552,
kg3eh-1037612,Roundtable,kg3eh-1037652,Feedback,2,Lederhåndbog / Feedback / Roundtable,1,2026-03-09T08:34:10.145Z,2026-03-10T13:02:59.568Z,194,"Roundtable er din faste månedlige ramme for fælles ledelsesopfølgning, koordinering og sparring på tværs af afdelinger. Formålet er at give dig indsigt i status, performance og fokusområder i Searchmind og samtidig skabe et fælles rum for ledelsesmæssig retning.

Roundtable skal ikke kun være et statusmøde. Du skal bruge det som et forum, hvor du både bliver opdateret på forretningen, deler læringer og bidrager til fælles mindset og koordinering.

Når du deltager i Roundtable, skal du være forberedt på at arbejde med:
*   mindset i Searchmind og fælles mål
*   status på Searchmind
*   samlet lønandel
*   budget og target for året
*   omsætning og MRR på afdelingen
*   Client Lost / Gained
*   pitches i pipeline med status
*   rundt om bordet og aktuelle punkter i ClickUp
*   learnings, sparring og videndeling
*   Apex som et kontinuerligt fokuspunkt

Roundtable afholdes fast omkring den 10. i måneden og har en varighed på cirka 60 minutter. Brian sender relevante tal senest den 6. i måneden.

I Roundtables får du som leder bedre indsigt i den samlede forretning, mere sparring på tværs og et stærkere grundlag for at omsætte fælles retning til konkret ledelse i din afdeling.",https://app.clickup.com/20450769/v/dc/kg3eh-1581/kg3eh-1037612,
kg3eh-1037672,Udviklingspotentiale og kundeportefølje,kg3eh-1037652,Feedback,2,Lederhåndbog / Feedback / Udviklingspotentiale og kundeportefølje,2,2026-03-09T08:35:25.078Z,2026-03-10T13:02:16.159Z,275,"Arbejdet med udviklingspotentiale er din ramme for at vurdere medarbejderens næste skridt og sikre det rette match mellem kompetencer, ansvar og kundeansvar. Formålet er at hjælpe dig med både at udvikle medarbejderen og sikre en bæredygtig fordeling af kunder og opgaver.

Når du arbejder med udviklingspotentiale, skal du have blik for, hvor medarbejderen er i dag, hvad næste naturlige skridt er, og hvilke typer ansvar der vil understøtte både læring og performance. Samtidig skal du vurdere, om kundeporteføljen giver de rigtige betingelser for at lykkes.

Når du arbejder med udviklingspotentiale og kundeportefølje, skal du:
*   vurdere medarbejderens udviklingsmuligheder løbende
*   tage udgangspunkt i rolle, kompetencer og ambitioner
*   sikre, at kundeansvar matcher niveau og udviklingsretning
*   være opmærksom på behov for justering i ansvar og samarbejdsflader
*   følge op i PitStops og relevante ledelsesdialoger
*   vende NPS kvartalsvist

Når du følger op på NPS, skal du have fokus på:
*   svarrate
*   udvikling over tid
*   konkrete tiltag ved lav score
*   steps for at øge svarraten, fx reminders og opfølgning

Du skal som udgangspunkt ikke gøre MRR versus forventet MRR på specialister til et fast punkt i PitStop. Det giver ofte en uhensigtsmæssig framing og for stort fokus på den enkeltes portefølje frem for samlet performance og udvikling.

Du skal også have løbende opmærksomhed på struktur og opgaveflow i ClickUp, herunder:
*   planlægningsopgaver
*   om opgaver ryger retur til Client Success
*   om opgaver ryger videre til specialist
*   hvordan flow og ansvar fungerer i praksis

Ved at arbejde bevidst med udviklingspotentiale får du som leder et stærkere grundlag for at udvikle medarbejdere, prioritere rigtigt og skabe bedre balance mellem trivsel, læring og forretning.",https://app.clickup.com/20450769/v/dc/kg3eh-1581/kg3eh-1037672,
kg3eh-1037972,SMART,kg3eh-1037652,Feedback,2,Lederhåndbog / Feedback / SMART,3,2026-03-09T08:57:30.904Z,2026-03-10T13:01:57.545Z,266,"SMART Goals er din faste ramme for udvikling, forventningsafstemning og opfølgning i den løbende ledelse. Formålet er at hjælpe dig med at sætte tydelige mål for medarbejderen og skabe en fælles forståelse af retning, prioriteringer og udvikling.
SMART-modellen gør det lettere for dig at arbejde med mål i praksis. I stedet for brede eller uklare ambitioner får du et værktøj til at formulere mål, som er konkrete, realistiske og nemme at følge op på i hverdagen.

SMART står for:
*   Specifikke: Målet skal være tydeligt og klart formuleret
*   Målbare: Du skal kunne vurdere, om målet er nået eller er på rette vej
*   Attraktive eller aftalte: Målet skal give mening for både dig og medarbejderen
*   Realistiske: Målet skal være muligt at nå inden for de givne rammer og ressourcer
*   Tidsbestemte: Der skal være en tydelig tidshorisont for opfølgning eller opnåelse

Når du arbejder med SMART Goals, skal du sikre, at målene:
*   tager afsæt i medarbejderens rolle og ansvar
*   hænger sammen med fokusområder fra det årlige review
*   er konkrete og tydelige
*   bliver fulgt op i PitStop
*   bliver dokumenteret i ClickUp

SMART Goals skal ikke kun bruges til resultatmål. Du kan også bruge dem til at arbejde med udvikling, adfærd, ansvar og samarbejde. På den måde får du et mere nuanceret grundlag for at lede, følge op og støtte medarbejderen i den rigtige retning.

Ved at arbejde med SMART Goals får du som leder et bedre grundlag for løbende sparring og opfølgning, og medarbejderen får større klarhed over, hvad der forventes, og hvor der er fokus i den kommende periode.",https://app.clickup.com/20450769/v/dc/kg3eh-1581/kg3eh-1037972,
kg3eh-1038012,eNPS,kg3eh-1037652,Feedback,2,Lederhåndbog / Feedback / eNPS,4,2026-03-09T09:21:01.763Z,2026-03-10T13:02:28.467Z,217,"eNPS er din faste ramme for at følge op på medarbejdernes oplevelse af Searchmind som arbejdsplads. Formålet er at give dig og Searchmind et tilbagevendende billede af trivsel, loyalitet og den generelle medarbejderoplevelse.

eNPS udsendes hver tredje måned i marts, juni, september og december. Medarbejderen vælger selv, om besvarelsen skal afgives anonymt eller med navn. Alle medarbejdere skal svare, og det gælder også ledere.

Spørgsmålet i eNPS er:
*   I hvilken grad vil du anbefale Searchmind som arbejdsplads til andre?
Besvarelsen gives på en skala fra 1-10 og med eventuelt kommentar tilknyttet.

Når du arbejder med eNPS, skal du være opmærksom på, at:
*   undersøgelsen udsendes kvartalsvist
*   alle i Searchmind skal besvare den
*   medarbejderen selv vælger, om svaret er anonymt eller med navn
*   alle besvarelser samles hos Damgaard
*   Damgaard samler data og videreformidler relevante indsigter til lederne

Du skal bruge eNPS som et supplement til din øvrige ledelsesopfølgning. Resultaterne kan give dig værdifuld indsigt i trivsel, stemning og udvikling i teamet og hele virksomheden, men de skal altid ses i sammenhæng med din løbende dialog, dine PitStops og din generelle ledelsesopfølgning.

Ved at arbejde aktivt med eNPS får du som leder et bedre grundlag for at forstå udviklingen i medarbejderoplevelsen og reagere på signaler, der kan have betydning for trivsel, fastholdelse og engagement.",https://app.clickup.com/20450769/v/dc/kg3eh-1581/kg3eh-1038012,
kg3eh-1057212,Anebfalinger,kg3eh-1037652,Feedback,2,Lederhåndbog / Feedback / Anebfalinger,5,2026-06-03T06:26:00.782Z,2026-06-03T06:26:05.664Z,4,"[

drive.google.com

https://drive.google.com/drive/folders/1BHUTEuRjGrDxg41-2H0S5PFBb3qnnlF2

](https://drive.google.com/drive/folders/1BHUTEuRjGrDxg41-2H0S5PFBb3qnnlF2)",https://app.clickup.com/20450769/v/dc/kg3eh-1581/kg3eh-1057212,
kg3eh-1038132,Svære personalesager,kg3eh-1037532,Lederhåndbog,1,Lederhåndbog / Svære personalesager,2,2026-03-09T09:48:52.970Z,2026-03-10T13:03:22.156Z,825,"Svære personalesager er den faste ramme for, hvordan vi i Searchmind håndterer følsomme medarbejderforhold på en ordentlig, professionel og ansvarlig måde. Formålet er at sikre, at ledere reagerer korrekt, involverer de rette personer i tide og skaber ro, overblik og dokumentation i situationer, der kan have stor betydning for både medarbejderen og virksomheden.
## 1\. Opsigelse
Hvis vi står i en situation, hvor en medarbejder skal opsiges, skal sagen altid vendes med ledelsen, inden der handles.
### Det skal du som leder gøre
*   tage sagen op med ledelsen, inden en opsigelse gennemføres
*   sikre, at forløbet er sagligt, veldokumenteret og håndteret korrekt
*   være opmærksom på, at regler og proces skal være overholdt, før en opsigelse gives
### Det er vigtigt at være opmærksom på
*   en opsigelse skal håndteres professionelt og ordentligt
*   måden, opsigelsen gives på, har stor betydning for medarbejderens oplevelse og virksomhedens omdømme
*   en respektfuld afslutning kan have stor betydning for, hvordan den tidligere medarbejder ser tilbage på forløbet
*   efterspillet er også en vigtig del af en god opsigelse, ikke kun selve samtalen
### Ledelsesmæssigt fokus
*   vær forberedt
*   vær tydelig
*   vær respektfuld
*   vær opmærksom på både det menneskelige og det formelle
## 2\. Advarsler
En advarsel kan bruges, hvis der er problemer med en medarbejders adfærd, præstation eller andre forhold, hvor medarbejderen skal have mulighed for at rette op.
### En advarsel kan bruges ved eksempelvis
*   samarbejdsvanskeligheder
*   for sent fremmøde
*   manglende overholdelse af personalepolitikker
### Det skal du som leder være opmærksom på
*   der er ikke krav om, at der først skal gives en mundtlig advarsel før en skriftlig advarsel; en advarsel kan være enten mundtlig eller skriftlig
*   advarslen skal være klar og præcis
*   medarbejderen skal forstå:
    *   hvad vi er utilfredse med
    *   hvad der skal ændres
    *   hvad konsekvensen er, hvis forholdet ikke ændres
### Dokumentation
*   hvis advarslen gives mundtligt, skal der laves et samtalereferat
*   referatet bør helst underskrives af medarbejderen som dokumentation
*   ved skriftlig advarsel skal medarbejderen kvittere for modtagelsen, også hvis medarbejderen ikke er enig i indholdet
### Opfølgning
*   medarbejderen skal have passende tid til at forbedre adfærden eller præstationen
*   hvis advarslen ikke følges op, kan den miste sin effekt
*   i nogle tilfælde vil der derfor skulle gives en ny advarsel for samme forhold
### Gyldighed
*   en advarsel kan forældes
*   hvor længe den gælder, afhænger af forseelsens karakter
*   jo mere alvorlig forseelsen er, desto længere kan advarslen have betydning
### Hvorfor det er vigtigt
*   hvis en opsigelse skyldes medarbejderens forhold, kan en forudgående advarsel have væsentlig betydning for, om opsigelsen vurderes som saglig
*   manglende advarsel kan i nogle tilfælde medføre risiko for godtgørelse ved usaglig opsigelse
## 3\. Sygemelding
Hvis der er mistanke om, at en medarbejder er på vej mod en sygemelding, eller hvis en medarbejder oplyser, at vedkommende er nødt til at blive sygemeldt, skal Damgaard straks orienteres sammen med eventuel nærmeste leder.
### Det skal du som leder gøre
*   informere Damgaard med det samme og nærmeste leder
*   møde medarbejderen med ro, støtte og forståelse
*   hjælpe med at skabe overblik over, hvad der eventuelt skal håndteres her og nu
### I dialogen med medarbejderen er det vigtigt at
*   være støttende
*   signalere, at medarbejderen gerne må lukke ned for arbejdet
*   spørge roligt ind til, om der er noget akut, som skal håndteres for at skabe ro
*   undgå at lægge unødigt pres på medarbejderen
### Det praktiske
*   Damgaard sørger for det praktiske videre forløb
*   der lægges efterfølgende en plan for, hvad der skal ske, og hvad vi kan forvente
*   planen tages i ombæring med Damgaard og/eller nærmeste leder
### Formålet
*   at give medarbejderen ro
*   at sikre korrekt håndtering internt
*   at skabe tydelighed om næste skridt
## 4\. Whistleblowerordning
Whistleblowerordningen giver ansatte mulighed for at indberette alvorlige forhold via den etablerede ordning.
### Indberetning
*   indberetning sker her: [searchmind.indberet.nu](http://searchmind.indberet.nu)
*   indberetning kan foretages anonymt
### Ordningen omfatter
*   oplysninger om overtrædelser af visse EU-retsakter
*   alvorlige lovovertrædelser
*   øvrige alvorlige forhold
### Håndtering af indberetninger
*   DAHL Advokatpartnerselskab modtager alle indberetninger som ekstern advokat
*   herefter behandles indberetninger af få betroede personer internt i Searchmind ApS - Damgaard og Bjerre
### Det skal du som leder være opmærksom på
*   medarbejdere skal kunne bruge ordningen uden frygt for repressalier
*   whistleblowerpolitikken bør læses grundigt, før en indberetning indgives
*   ordningen skal bruges til alvorlige forhold og ikke som almindelig feedbackkanal
Bemærk: Oplysningerne i dette afsnit er baseret på den tekst og det link, du har delt.

* * *

## Det skal du som leder huske ved svære personalesager
*   involver ledelsen i tide
*   sørg for dokumentation
*   håndter altid sagen ordentligt og professionelt
*   vær tydelig i ansvar, forventninger og næste skridt
*   skab mest mulig ro for medarbejderen i situationen
*   søg sparring, hvis du er i tvivl",https://app.clickup.com/20450769/v/dc/kg3eh-1581/kg3eh-1038132,
kg3eh-1038152,Alt andet,kg3eh-1037532,Lederhåndbog,1,Lederhåndbog / Alt andet,3,2026-03-09T09:51:11.681Z,2026-03-10T13:05:11.770Z,0,,https://app.clickup.com/20450769/v/dc/kg3eh-1581/kg3eh-1038152,
kg3eh-1037592,Zenegy,kg3eh-1038152,Alt andet,2,Lederhåndbog / Alt andet / Zenegy,0,2026-03-09T08:33:45.843Z,2026-03-10T13:06:36.033Z,92,"I Zenegy skal du hver måned følge op på teamets timer og fravær:

*   senest den 21. hver måned godkende timer for deltidsansatte i teamet. Deltidsansattes lønperiode går fra den 21.-20. hver måned, hvorfor timer herefter først skal godkendes måneden efter.
*   senest den 21. hver måned godkende fravær for medarbejdere i teamet (til og med den 21.)

Resten tjekkes igennem af Damgaard. Du skal være obs på, at medarbejderne i teamet har opdateret deres timer og fravær korrekt.

Der køres ofte løn omkring den 24.-28. hver måned, afhængig af månedens udfald.",https://app.clickup.com/20450769/v/dc/kg3eh-1581/kg3eh-1037592,
kg3eh-1038072,Medarbejderens mærkedage,kg3eh-1038152,Alt andet,2,Lederhåndbog / Alt andet / Medarbejderens mærkedage,1,2026-03-09T09:45:40.870Z,2026-03-10T13:03:41.840Z,20,"Ved mærkedage som jubilæer, runde fødselsdage, bryllup, fødsel/barsel, blomst v. dødsfald i nærmeste familie mm læs under vores gavereglement:
[https://app.clickup.com/20450769/docs/kg3eh-1581/kg3eh-888432](https://app.clickup.com/20450769/docs/kg3eh-1581/kg3eh-888432)",https://app.clickup.com/20450769/v/dc/kg3eh-1581/kg3eh-1038072,
kg3eh-1038872,Det essentielle,kg3eh-1038152,Alt andet,2,Lederhåndbog / Alt andet / Det essentielle,2,2026-03-10T13:04:07.061Z,2026-03-10T13:04:14.979Z,1,[https://app.clickup.com/20450769/docs/kg3eh-1581/kg3eh-10785](https://app.clickup.com/20450769/docs/kg3eh-1581/kg3eh-10785),https://app.clickup.com/20450769/v/dc/kg3eh-1581/kg3eh-1038872,
kg3eh-1038892,Det praktiske,kg3eh-1038152,Alt andet,2,Lederhåndbog / Alt andet / Det praktiske,3,2026-03-10T13:04:16.657Z,2026-03-10T13:05:14.759Z,16,"[https://app.clickup.com/20450769/docs/kg3eh-1581/kg3eh-247645](https://app.clickup.com/20450769/docs/kg3eh-1581/kg3eh-247645)
Her finder du alt viden om alt fra parkering, mødelokaler, autosvar, kommunikationskanaler og til lukkerutiner",https://app.clickup.com/20450769/v/dc/kg3eh-1581/kg3eh-1038892,
kg3eh-1038912,Nye medarbejdere,kg3eh-1037532,Lederhåndbog,1,Lederhåndbog / Nye medarbejdere,4,2026-03-10T13:05:41.195Z,2026-03-10T13:06:08.743Z,0,,https://app.clickup.com/20450769/v/dc/kg3eh-1581/kg3eh-1038912,
kg3eh-1038032,Rekruttering,kg3eh-1038912,Nye medarbejdere,2,Lederhåndbog / Nye medarbejdere / Rekruttering,0,2026-03-09T09:44:53.699Z,2026-03-10T13:06:20.874Z,436,"Rekrutteringsprocessen er den faste ramme for, hvordan vi arbejder med ansættelser i Searchmind. Formålet er at sikre en ensartet proces, hvor behov, økonomi, ansvar og fremdrift er afklaret fra start til slut.
### 1\. Afklaring af behov
Før en rekrutteringsproces sættes i gang, skal den ansvarlige leder afklare:
*   hvilken titel der søges
*   hvilken profil der ønskes
*   hvilke kompetencer kandidaten skal have
*   hvad det forventede lønniveau er

Det forventede lønniveau skal være afstemt med udgangspunkt i teamets lønandel, inden processen sendes videre til Damgaard.
### 2\. Besked til Damgaard
Når ovenstående er afklaret, sendes informationen videre til Damgaard.
Damgaard sørger herefter for at:
*   synliggøre stillingen på relevante medier
*   prikke til relevante kandidater, der matcher profilskiven (LinkedIn)
*   sikre fremdrift i processen fra opstart
### 3\. Overblik og kandidatstyring
Damgaard opretter et sheet til rekrutteringsforløbet.
Sheetet bruges til at skabe overblik over blandt andet:
*   hvem der er kontaktet
*   hvem der har ansøgt
*   hvor langt den enkelte kandidat er i processen
*   eventuelle noter og opfølgninger
### 4\. Indledende screening
Damgaard tager en kort indledende telefonsamtale med relevante kandidater.
Formålet er at:
*   afstemme forventninger
*   vurdere kandidatens relevans
*   sikre, at det giver mening at invitere til første samtale
### 5\. Første samtale
Hvis der er et muligt match, inviteres kandidaten til første samtale.
Første samtale afholdes som udgangspunkt af:
*   den respektive leder
*   eventuelt Damgaard
*   eventuelt lederens leder

Formålet med første samtale er:
*   at vurdere, om der er et fagligt match
*   at mærke efter, om der er et menneskeligt match
*   at afklare, om begge parter ønsker at gå videre
### 6\. Anden samtale
Afhængigt af kandidat og stilling vil der typisk være en anden samtale.
Anden samtale kan indeholde:
*   case
*   TT38-profilanalyse

Formålet er at komme et spadestik dybere i forhold til:
*   faglighed
*   arbejdsmåde
*   samarbejde og personprofil
*   forventningsafstemning
### 7\. Aftale og kontrakt
Når der er enighed om ansættelsen, sørger Damgaard for kontrakten. Kontrakten underskrives af den nyansatte og den ansvarlige leder

* * *

## Det skal du som leder være opmærksom på
*   titel, profil og kompetencebehov skal være tydeligt afklaret fra start
*   lønniveau skal være afstemt i forhold til teamets lønandel, før processen sættes i gang
*   Damgaard driver den indledende del af processen og skaber kandidatflow
*   alle kandidater skal registreres i det oprettede sheet
*   relevante kandidater screenes telefonisk, inden de inviteres til samtale
*   der vil som udgangspunkt være op til to samtaler
*   anden samtale kan inkludere case og eller TT38
*   Damgaard håndterer kontrakten, når aftalen er på plads",https://app.clickup.com/20450769/v/dc/kg3eh-1581/kg3eh-1038032,
kg3eh-1038052,Onboarding,kg3eh-1038912,Nye medarbejdere,2,Lederhåndbog / Nye medarbejdere / Onboarding,1,2026-03-09T09:45:03.326Z,2026-03-10T13:06:17.918Z,0,,https://app.clickup.com/20450769/v/dc/kg3eh-1581/kg3eh-1038052,
kg3eh-10785,Det essentielle,,,0,Det essentielle,1,2022-09-29T08:35:02.261Z,2025-08-14T12:42:39.514Z,26,"Her får du hele overblikket over, hvad du kan forvente, når du er en del af Searchmind – det gælder både stort som småt. God læselyst!",https://app.clickup.com/20450769/v/dc/kg3eh-1581/kg3eh-10785,"{""color"":""#27AE60"",""value"":""icon:fas:user-graduate""}"
kg3eh-10805,Familiepolitik,kg3eh-10785,Det essentielle,1,Det essentielle / Familiepolitik,0,2022-09-29T08:36:39.128Z,2025-03-03T09:04:01.419Z,1659,"Politikken gælder for forældre til børn, der er født/adopteret efter den 2. august 2022.

## 1\. Graviditet og orlov

Den gravide forælder (første barselstager) kan holde graviditetsorlov i fire uger før forventet fødsel.

Familier, hvor forældrene bor sammen ved fødslen, har hver som udgangspunkt ret til 24 ugers orlov med dagpenge efter fødslen. Dele af orloven kan overdrages fra den ene til den anden forælder – der er dog regler for hvilke uger, der kan overdrages, samt hvornår de forskellige perioder af orloven skal være afholdt.

For at kunne skelne mellem de forskellige perioder, har vi i Searchmind valgt at kalde nogle af ugerne ”barselsorlov” og andre af ugerne ”forældreorlov”. Figuren nedenfor giver et samlet overblik.

![](https://t20450769.p.clickup-attachments.com/t20450769/768dfaee-434d-45ad-bb8c-e8d6cd46f0e5/image.png)

Læs mere om overdragelse af orlov i afsnit 3. 

Hvis I som forældre ikke bor sammen ved fødslen, hvis du er soloforælder eller hvis den anden forælder ikke er lønmodtager, gælder andre regler – læs mere om reglerne på [borger.dk](https://www.borger.dk/familie-og-boern/barsel-oversigt/barsel-loenmodtagere/barsel-loenmodtagere-ny-orlovsmodel).
Anden barselstager (far/medmor) har ikke betalt fri på den dag, fødslen finder sted, men kan vælge at bruge denne som den første dag i orlovsperioden.

Hver orlovstype skal som udgangspunkt afholdes som én samlet periode (gælder ikke, hvis du ”konverterer” dele af orloven til nedsat arbejdstid - se afsnit 4). Perioderne kan dermed ikke afbrydes for fx at holde ferie.

For medarbejdere, der på fødsels- eller adoptionstidspunktet har 9 måneders anciennitet,
yder Searchmind fuld løn under orlov i følgende perioder:
*   4 ugers graviditetsorlov før termin (for den gravide)
*   28,5 ugers orlov efter fødslen/modtagelsen af barnet (uanset om man er barselstager 1 eller 2)
Dette er svarende til cirka 7,5 måneder med fuld løn, alt afhængigt af fødselstidspunktet og evt. dokumenteret indlæggelse.

Når en medarbejder modtager fuld løn, kan medarbejderen ikke samtidig modtage dagpenge. Virksomheden modtager i stedet de dagpenge, medarbejderen har ret til, i refusion. Første barselstager har ret til 28 ugers dagpenge (4 ugers orlov før fødslen og 24 ugers orlov efter fødslen), mens anden barselstager har ret til 24 ugers dagpenge – i alt 52 uger tilsammen.

Det er en forudsætning for udbetaling af fuld løn, at virksomheden modtager fuld refusion svarende til den maksimale dagpengesats i perioden. Hvis der ikke ydes fuld refusion, nedsættes betalingen til medarbejderen tilsvarende.

Timelønnede medarbejdere, herunder studiemedarbejdere, samt medarbejdere med under 9 måneders anciennitet, er omfattet af de lovbestemte regler. Timelønnede medarbejdere, der er dækket af funktionærloven, har ret til løn under barsel på samme vilkår som fuldtidsansatte. Barselslønnen beregnes på baggrund af en referenceperiode på 6 måneder, hvor den gennemsnitlige løn i perioden danner grundlag for udbetalingen under barslen.

Medarbejdere, der holder orlov i forbindelse med familieforøgelse, opsparer ret til ferie med løn i de perioder, de modtager løn fra virksomheden.

Searchmind giver medarbejdere mulighed for at arbejde på nedsat tid efter deres tilbagevenden efter barsel i op til 3 mdr. mod tilsvarende lønreduktion i perioden, forudsat at du giver besked senest 8 uger inden den aftalte dato for din tilbagevenden.

## 1\. Frister

Alle meddelelser om graviditet og orlov skal gives både til din nærmeste leder inden for disse tidsfrister, der er bestemt af lovgivningen:

**Hvis du er første barselstager (den gravide):**

*   Fravær før fødslen
Du skal orientere om din graviditet senest 3 måneder før termin og samtidig
fortælle, om du vil holde graviditetsorlov (4 ugers orlov før fødslen).

*   Hvis du overdrager op til 8 ugers barselsorlov til far eller medmor

Hvis du som mor overdrager op til 8 uger af den orlov, der ligger inden for de første 10 uger efter fødslen, skal du senest 4 uger før forventet fødsel orientere om dette. Du skal også fortælle, om du vil fortsætte på orlov direkte efter fødslen.

*   Hvis du holder orlov de første 10 uger efter fødslen

Hvis du som mor vil holde orlov i de første 10 uger efter fødslen, skal du senest 6 uger efter fødslen orientere om, hvornår du vil genoptage dit arbejde. 

*   Hvis du holder orlov efter 10 uger efter fødslen

Hvis du vil holde orlov de første 10 uger efter fødslen, skal du senest 6 uger efter fødslen orientere om, hvornår du vil holde orloven og hvor længe. Det gælder både, når du vil holde din egen orlov og orlov, som du eventuelt har fået overdraget fra den anden forælder.

*   Hvis du vil udskyde orlov

Hvis du vil udskyde op til 5 ugers orlov til at holde efter barnets første år, skal du give besked senest 8 uger efter fødslen af barnet.

*   Hvis du vil holde udskudt orlov

Hvis du vil afholde udskudt orlov, skal du senest 8 uger før orlovens begyndelse orientere om, hvornår og hvor længe du vil holde orloven. Du skal holde orloven, inden barnet fylder 9 år.

*   Nedsat tid efter orlov (op til 3 mdr.)

Ønsker  du at benytte muligheden for at arbejde på nedsat tid i en periode på op til 3 mdr. efter din orlov mod tilsvarende lønreduktion i perioden, skal du give besked senest 8 uger inden den aftalte dato for din tilbagevenden.

**Hvis du er anden barselstager (far/medmor):**

*   Hvis du holder orlov inden for de første 10 uger efter barnets fødsel

Hvis du vil holde orlov de første 10 uger efter fødslen, skal du senest 4 uger før forventet fødsel orientere om, hvornår du vil holde orloven og hvor længe. Det gælder også, hvis du skal holde overdraget orlov inden for de første 10 uger.

*   Hvis du holder orlov efter 10 uger efter fødslen

Hvis du vil holde orlov efter de første 10 uger efter fødslen, skal du senest 6 uger efter fødslen orientere om, hvornår du vil holde orloven og hvor længe. Det gælder både, når du vil holde din egen orlov og orlov, som du har fået overdraget fra den anden forælder.

*   Hvis du vil udskyde orlov

Hvis du vil udskyde op til 5 ugers orlov til at holde efter barnets første år, skal du give besked senest 8 uger efter fødslen.

*   Hvis du vil holde udskudt orlov

Hvis du vil afholde udskudt orlov, skal du senest 8 uger før orlovens begyndelse orientere om, hvornår og hvor længe du vil holde orloven. Du skal holde orloven, inden barnet fylder 9 år.

*   Nedsat tid efter orlov (op til 3 mdr.)

Ønsker du at benytte muligheden for at arbejde på nedsat tid i en periode på op til 3 mdr. efter din orlov mod tilsvarende lønreduktion i perioden, skal du give besked senest 8 uger inden den aftalte dato for din tilbagevenden.

**Tidslinje og frister:**

![](https://t20450769.p.clickup-attachments.com/t20450769/edad8234-950f-4c1d-98ab-b0192922518a/image.png)

![](https://t20450769.p.clickup-attachments.com/t20450769/5fb3d16d-b0c5-4c95-939c-94c88151b70d/image.png)

## 3\. Overdragelse af orlov

Som forældre kan I vælge at overdrage dele af jeres orlov til hinanden. Der er forskellige regler for, hvilke uger der kan overdrages, samt frister for hvornår orloven skal være afholdt (se figur 1 ovenfor).

Du kan først overdrage orlov til den anden forælder, når dit barn er født. 

For at overdrage og modtage orlov skal du være juridisk forælder til barnet.

Der kan overdrages orlov i hele uger eller dage.

**Hvis du er første barselstager (den gravide):**
Du kan overdrage op til 13 ugers orlov til den anden forælder, hvis I bor sammen ved fødslen:

*   **Overdragelse af barselsorlov – op til 8 uger**
Du kan overdrage op til 8 uger af din orlov i perioden 3. til 10. uge efter barnets fødsel, hvis:
1.     1. du genoptager arbejdet på fuld tid, eller
    2. du fortsætter direkte på forældreorlov sammen med barnet
Hvis du genoptager arbejdet på fuld tid, skal den barselsorlov, du har overdraget, afholdes af den anden forælder inden 10 uger efter barnets fødsel. 

Hvis du derimod fortsætter direkte på forældreorlov, skal den barselsorlov, du har overdraget, afholdes af den anden forælder inden for 1 år efter barnets fødsel (der er dog mulighed for at forlænge eller udskyde frem til barnet er 9 år).

*   **Overdragelse af forældreorlov – op til 5 uger**
Du kan også overdrage op til 5 uger af din orlov, der ligger efter den 10. uge efter fødslen.
Den anden forælder skal som udgangspunkt holde orloven inden 1 år efter barnets fødsel (der er
dog mulighed for at forlænge eller udskyde frem til barnet er 9 år).

**Hvis du er anden barselstager (far/medmor):**
Du har mulighed for at overdrage op til 13 ugers orlov til første barselstager. Den overdragne orlov skal som udgangspunkt holdes inden 1 år efter barnets fødsel (der er dog mulighed for at forlænge eller udskyde frem til barnet er 9 år).

## 4\. Forlængelse af orlov
Der er to måder, du kan forlænge din orlov på:

*   **Forlængelse samtidig med arbejde på nedsat tid**
Efter aftale med nærmeste leder kan du forlænge bestemte dele af din orlov ved at arbejde på
nedsat tid. Derved strækker du orloven ved at arbejde færre timer om ugen eller fx holde enkelte
ugedage fri i en periode.

*   **Forlængelse uden arbejde, som alle har ret til**
Hvis du ønsker at afholde yderligere orlov, kan du forlænge orloven i stedet for at genoptage dit
arbejde. Vær opmærksom på, at man i disse tilfælde oftest vil have opbrugt retten til
løn/dagpenge, og at du derfor sandsynligvis vil være uden indkomst i perioden (se afsnit 1
vedr. dagpenge/refusion).

Du finder reglerne for forlængelse af orlov på [borger.dk](https://www.borger.dk/familie-og-boern/barsel-oversigt/barsel-loenmodtagere/barsel-loenmodtagere-ny-orlovsmodel).

## 5\. Udskydelse af orlov
Der er to måder, du kan udskyde din orlov på:

*   **Udskydelse, som alle har ret til**

Du har som udgangspunkt ret til at genoptage arbejdet på fuld tid og udskyde op til 5 uger af din orlov. Udskydelse af mere end 5 ugers orlov kræver en aftale med din leder.

*   **Udskydelse efter aftale med leder**

Du kan aftale med din leder at genoptage arbejdet på fuld tid og udskyde orloven med den tid, arbejdet har været genoptaget.

Vær opmærksom på, at du som lønmodtager har 9 ugers orlov, som **ikke** kan overdrages, og som du selv skal holde inden 1 år efter barnets fødsel, medmindre du på grund af særlige forhold er forhindret.

Du finder reglerne for udskydelse af orlov på [borger.dk](https://www.borger.dk/familie-og-boern/barsel-oversigt/barsel-loenmodtagere/barsel-loenmodtagere-ny-orlovsmodel).

* * *",https://app.clickup.com/20450769/v/dc/kg3eh-1581/kg3eh-10805,"{""value"":""emoji::👨‍👩‍👧""}"
kg3eh-10825,Hjemmearbejde,kg3eh-10785,Det essentielle,1,Det essentielle / Hjemmearbejde,1,2022-09-29T08:36:40.916Z,2025-10-07T09:10:19.302Z,336,"For at sikre fleksible og effektive arbejdsrammer for vores medarbejdere tilbyder vi mulighed for at arbejde hjemmefra op til to gange om ugen, så længe følgende betingelser er opfyldt:

*   Det er foreneligt med afdelingens og virksomhedens behov, og du har orienteret din nærmeste leder i god tid (senest 1 dag før).
*   Du kan løse dine arbejdsopgaver hjemmefra uden problemer og arbejder med samme effektivitet og kvalitet som på kontoret.
*   Møder, hvor fysisk fremmøde forventes, skal alle deltage personligt for at sikre engageret samarbejde uden forstyrrelser fra online deltagelse
*   Du placerer dine arbejdstimer i tidsrummet mellem kl. 07:00 og kl. 17:00 og er tilgængelig på telefon, Slack og e-mail i størstedelen af din sædvanlige arbejdstid.
*   Arbejdet fra hjemmet medfører ikke fysiske gener for dig. Du sørger for, at dine arbejdsforhold derhjemme er sikre og sundhedsmæssigt forsvarlige. Hvis der opstår en arbejdsskade hjemmet, skal du straks orientere din nærmeste leder.
*   Du noterer hjemmearbejdsdage med ""hjemme""-ikonet på Slack og opdaterer din arbejdskalender på samme måde, som med funktionen vist nedenfor.
![](https://t20450769.p.clickup-attachments.com/t20450769/1a1239b4-049f-4fa5-90eb-0bd7d3e2e660/image.png)

**Vi starter og slutter ugen godt af sammen**
Vi har et ønske om at starte og slutte ugen godt af sammen. Derfor vil vi gerne undgå, at hjemmearbejde placeres disse dage. Vi tror på, at det er vigtigt at mødes i starten og slutningen af ugen for at styrke teamånden og motivere hinanden.
Hvis du er nødsaget til at arbejde hjemmefra en mandag eller fredag, så skal det godkendes af nærmeste leder.

**Associates**
Associates, praktikanter og timelønnede medarbejdere (studiemedarbejdere) har som
udgangspunkt ikke mulighed for at arbejde hjemmefra, medmindre andet aftales med leder.

**Arbejdstider**
Arbejdstiderne er de samme, uanset om du arbejder fra kontoret eller hjemmefra. Dine arbejdstimer skal være mellem kl. 07:00 og 17:00, og det er dit ansvar at overholde timerne i henhold til din kontrakt med Searchmind.

**It-udstyr**
Searchmind stiller som udgangspunkt ikke ekstra it-udstyr i forbindelse med hjemmearbejde, men
du er velkommen til at medbringe det udleverede udstyr (fx laptop, headset, mus og tastatur) fra
kontoret til hjemmearbejdspladsen.",https://app.clickup.com/20450769/v/dc/kg3eh-1581/kg3eh-10825,"{""value"":""emoji::🏡""}"
kg3eh-10845,Persondatapolitik under ansættelsen,kg3eh-10785,Det essentielle,1,Det essentielle / Persondatapolitik under ansættelsen,2,2022-09-29T08:39:15.955Z,2026-02-24T09:24:38.664Z,1386,"I henhold til persondataforordningen skal Searchmind ApS give dig en række oplysninger om, hvordan vi behandler oplysninger omkring dig under din ansættelse hos os. Nedenfor kan du læse mere om, hvordan vi behandler dine personoplysninger.

## 1\. Vi er den dataansvarlige - hvordan kontakter du os?

Searchmind ApS er dataansvarlig for behandlingen af de personoplysninger, som Searchmind ApS har modtaget om dig i forbindelse med dit ansættelsesforhold i virksomheden.

Hvis du har spørgsmål til Searchmind ApS’ behandling af dine oplysninger, er du altid velkommen til at kontakte os. Du finder vores kontaktoplysninger nedenfor.

Searchmind ApS
[https://www.searchmind.dk/](https://www.searchmind.dk/)
CVR 37340588
Klostergade 28, 2.-3. sal
8000 Aarhus C
Telefon 3012 4272
E-mail: [info@searchmind.dk](mailto:info@searchmind.dk).

## 2\. Formålene med og retsgrundlaget for behandlingen af dine personoplysninger

Searchmind ApS behandler dine personoplysninger til følgende formål:

Searchmind ApS behandler dine personoplysninger som
*   et led i vores personaleadministration

## 3\. Kategorier af personoplysninger, retsgrundlaget for behandlingen af dine personoplysninger og hvor Searchmind ApS har personoplysningerne fra

Searchmind ApS behandler følgende kategorier af personoplysninger om dig:

| **Kategorier af personoplysninger** | **Behandlingshjemmel i persondataforordningen (pdf) eller databeskyttelsesloven (dbl)** | **Kilde personoplysningerne**<br>**hidrører fra** |
| ---| ---| --- |
| Identifikationsoplysninger som fx navn, adresse mv. | Pdf, artikel 6, stk. 1, litra b, idet behandlingen er nødvendig af hensyn til opfyldelse af ansættelseskontrakten | Dig som registreret |
| Oplysninger vedrørende ansættelsesforholdet til brug for personaleadministration som fx stilling, arbejdssted, lønforhold, anciennitet, cpr-nr., uddannelse, sygefravær, oplysninger fra mussamtaler, oplysninger fra arbejdspladsvurderinger mv. | Pdf, artikel 6, stk. 1, litra b, idet behandlingen er nødvendig af hensyn til opfyldelse af ansættelseskontrakten, og for cpr-nr. dbl, § 11, stk. 2, jf. dbl § 7, stk. 2 | Dig som registreret |
| Medarbejderfotos | Pdf, artikel 6, stk. 1, litra a, idet der altid indhentes samtykke, før billeder af dig lægges på virksomhedens hjemmeside. Samtykket kan til enhver tid tilbagekaldes.<br><br>Dit portrætfoto vil desuden blive brugt på vores intranet, interne kommunikationskanaler samt e-mailsignatur for at identificere dig. | Virksomhedens fotograf |
| Strafbare forhold, hvor det er relevant i henhold til ansættelsesforholdet | Dbl, § 8, stk. 3, idet du som registreret har givet udtrykkeligt samtykke hertil | Dig som registreret |
| Fagforeningsmæssigt tilhørsforhold, hvor det er relevant i henhold til ansættelsesforholdet | Dbl, § 12, stk. 2, idet virksomheden behandler oplysningen for at overholde en kollektiv overenskomst, og idet oplysningerne kun behandles, når det er nødvendigt i forhold til varetagelse af overenskomstmæssige forpligtelser, hvilket er en legitim interesse, der går forud for dine interesser, idet behandlingen har betydning for virksomhedens overholdelse af overenskomsten | Dig som registreret |
| Helbredsoplysninger | Helbredsoplysningsloven og dbl, § 12, stk. 2, idet virksomheden behandler oplysningen for at overholde lovgivning (som fx sygedagpengeloven, beskæftigelsesindsatsloven og forskelsbehandlingsloven) og kollektiv overenskomst, og idet virksomhedens behandling af helbredsoplysninger sker ud fra en legitim interesse, der går forud for dine interesser. Det kan fx være i forhold til de arbejdsopgaver, som en fleksjobber kan varetage | Dig som registreret |
| Logning af mails og internetbrug | Pdf, artikel 6, stk. 1, litra f, idet virksomhedens legitime interesse i at foretage kontrolforanstaltninger går forud for dine interesser. Her henses til, at logningen alene bliver gennemset som et led i en kontrol ved mistanke om brug i strid med virksomhedens retningslinjer herom eller som et led i virksomhedens vurdering af det IT-mæssige sikkerhedsniveau | Virksomhedens logningssystem |
| Optagelse af telefonsamtaler til brug for kvalitetssikring, uddannelsesbrug og dokumentation for aftaleindgåelse | Pdf, artikel 6, stk. 1, litra a, idet der indhentes samtykke, før telefonsamtaler optages. Samtykket kan til enhver tid tilbagekaldes | Virksomhedens system, der optager telefonsamtaler |
| Offentliggørelse af kontaktoplysninger på internettet (ikke billeder) | Pdf, artikel 6, stk. 1, litra f, idet virksomhedens legitime interesse i at oplyse kunder og forretningsforbindelser om dine kontaktoplysninger går forud for dine interesser. Såfremt du som medarbejder har nogle særlige private forhold, der medfører, at offentliggørelse af dine kontaktoplysninger kan være problematisk, opfordres du til at meddele dette til din leder, hvorefter virksomheden beslutter, hvorvidt oplysningerne ikke skal offentliggøres | Dig som registreret |
| Mødetider og adgangskontrol | Pdf, artikel 6, stk. 1, litra f, idet virksomhedens legitime interesse i at foretage kontrolforanstaltninger går forud for dine interesser. Her henses til, at virksomheden varsler kontrolforanstaltningerne, og at virksomheden har et behov for at kontrollere, hvem der befinder sig på virksomheden, og at tidsregistreringen er korrekt. Kontrollen af tidsregistreringen har betydning i forhold til korrekt lønudbetaling mv. | Virksomhedens registreringssystem |
| Elektroniske spor i forbindelse med arbejdets udførelse i fx ERP-systemer, CMR-systemer og filhåndteringssystemer mv. | Pdf, artikel 6, stk. 1, litra f, idet virksomhedens legitime interesse i at kunne finde oplysninger i systemerne og se, hvem der har skrevet oplysningerne, går forud for dine interesser, idet det er væsentligt i forhold til kundebetjeningen | Virksomhedens IT-systemer og servere |

## 4\. Modtagere eller kategorier af modtagere

Ud fra det formål oplysningerne er indhentet til, videregiver eller overlader Searchmind ApS dine personoplysninger til følgende modtagere:

*   Virksomhedens lønbureau
*   Dit og virksomhedens pengeinstitut
*   NemID
*   Offentlige myndigheder som fx SKAT, FerieKonto, din bopælskommune, NemRefusion, UdbetalingDanmark, ATP, Danmarks Statistik mv.
*   e-Boks
*   Fagforeninger og tillidsrepræsentanter
*   Pensionsselskaber
*   Forsikringsselskaber
*   Revisor og eventuel advokat
*   Den it-virksomhed, der hoster virksomhedens data
*   Arbejdsgiverforeninger som fx Grakom og DA  

## 5\. Overførsel til modtagere i andre EU-lande og tredjelande, herunder internationale organisationer

Dine personoplysninger vil ikke blive overført til modtagere uden for EU og EØS.

Dine personoplysninger vil endvidere ikke blive overført til modtagere uden for Danmarks grænser.

## 6\. Opbevaring af dine personoplysninger

Searchmind ApS opbevarer dine personoplysninger, så længe du er ansat. Dine personoplysninger slettes senest 5 år efter, at du er fratrådt, med mindre det er nødvendigt, at oplysningerne opbevares i længere tid, fx ved arbejdsskader eller forsvar af retskrav.

Dog sletter vi resultatet af din personlighedstest senest 6 måneder efter din fratræden.

En e-mailkonto fra en fratrådt medarbejder lukkes senest 12 måneder efter, at medarbejderen er fratrådt.

## 7\. Automatiske afgørelser, herunder profilering

Searchmind ApS anvender ikke automatiske afgørelser.

## 8\. Retten til at trække samtykke tilbage

Såfremt behandlingen af dine oplysninger beror på et samtykke, har du til enhver tid ret til at trække dit samtykke tilbage. Dette kan du gøre ved at kontakte Searchmind ApS på de kontaktoplysninger, der fremgår ovenfor i punkt 1.

Hvis du vælger at trække dit samtykke tilbage, påvirker det ikke lovligheden af Searchmind ApS’ behandling af dine personoplysninger på baggrund af dit tidligere meddelte samtykke og op til tidspunktet for tilbagetrækningen. Hvis du tilbagetrækker dit samtykke, har det derfor først virkning fra dette tidspunkt.

## 9\. Dine rettigheder

Du har efter databeskyttelsesforordningen en række rettigheder i forhold til Searchmind ApS’ behandling af oplysninger om dig. 

Hvis du vil gøre brug af dine rettigheder, skal du kontakte Searchmind ApS.

*   **Ret til at se oplysninger (indsigtsret)**

Du har ret til at få indsigt i de oplysninger, som Searchmind ApS behandler om dig, samt en række yderligere oplysninger.

*   **Ret til berigtigelse (rettelse)**

Du har ret til at få urigtige oplysninger om dig selv rettet.

*   **Ret til sletning**

I særlige tilfælde har du ret til at få slettet oplysninger om dig, inden tidspunktet for Searchmind ApS’ almindelige generelle sletning indtræffer.

*   **Ret til begrænsning af behandling**

Du har i visse tilfælde ret til at få behandlingen af dine personoplysninger begrænset. Hvis du har ret til at få begrænset behandlingen, må Searchmind ApS fremover kun behandle oplysningerne – bortset fra opbevaring – med dit samtykke eller med henblik på, at retskrav kan fastlægges, gøres gældende eller forsvares eller for at beskytte en person eller vigtige samfundsinteresser.

*   **Ret til indsigelse**

Du har i visse tilfælde ret til at gøre indsigelse mod Searchmind ApS’ ellers lovlige behandling af dine personoplysninger.

*   **Ret til at transmittere oplysninger (dataportabilitet)**

Du har i visse tilfælde ret til at modtage dine personoplysninger i et struktureret, almindeligt anvendt og maskinlæsbart format samt at få overført disse personoplysninger fra én dataansvarlig til en anden uden hindring.

Du kan læse mere om dine rettigheder i Datatilsynets vejledning om de registreredes rettigheder, som du finder på [www.datatilsynet.dk](http://www.datatilsynet.dk/).

## 10\. Klage til datatilsynet

Du har ret til at indgive en klage til Datatilsynet, hvis du er utilfreds med den måde, Searchmind ApS behandler dine personoplysninger på. Du finder Datatilsynets kontaktoplysninger på [www.datatilsynet.dk](http://www.datatilsynet.dk/).

* * *",https://app.clickup.com/20450769/v/dc/kg3eh-1581/kg3eh-10845,"{""value"":""icon:fas:user-lock""}"
kg3eh-247505,"Rejser, udlæg mv.",kg3eh-10785,Det essentielle,1,"Det essentielle / Rejser, udlæg mv.",3,2022-11-08T12:24:20.569Z,2026-02-24T09:24:43.007Z,658,"Her kan du læse, hvad der gælder ved tjenesterejser i forbindelse med kundemøder, kursusdeltagelse og andre arbejdsrelaterede rejseaktiviteter.

## 1\. Forplejning ifm. rejser

Når du er på tjenesterejse, kursus eller andet, dækkes udgifter til måltider og relevante småfornødenheder i form af refundering mod dokumentation i form af kvittering. Det vil sige, at du i første omgang selv lægger ud – og bagefter afregner dit udlæg (se punkt 6).

Beløb:
*   På tjenesterejser uden overnatning, hvor man er afsted i min. 4 timer: 200 kr. pr. rejse
*   På tjenesterejser med overnatning: 750 kr. pr. rejse

## 2. Hotelovernatning

Hvis det er nødvendigt med en eller flere hotelovernatninger ifm. en tjenesterejse, skal det godkendes af funktionsleder i passende tid inden afrejse:
*   Specialister = godkendes af Aske Warming el. Karsten Hansen
*   Client managers = godkendes af Martin Hansen
*   Salg = godkendes af Martin Hansen

Når overnatningen er godkendt, skal du selv sørge for at booke og betale for overnatningen. Du lægger i første omgang selv ud – og bagefter afregner du dit udlæg (se punkt 6).

## 3. Transport

Det er op til den enkelte medarbejder at vurdere, om der ifm. en rejse anvendes offentlig transport, egen bil eller lejebil. Fly kan som udgangspunkt kun anvendes som transportmiddel ved udenlandske rejser.

Du bør i din vurdering lægge vægt på hvilken transportform, der er mest hensigtsmæssig for din rejseplanlægning ud fra et klimamæssigt, økonomisk og tidsmæssigt perspektiv.

Har du udlæg til bro- eller færgeoverfart ifm. en tjenesterejse, refunderes udlægget mod dokumentation i form af kvittering (se punkt 6).

_Offentlig transport_
Ved togrejser vælges som udgangspunkt den billigste billet. Du kan, efter aftale med nærmeste leder, vælge togrejse på 1. klasse - ellers vælges standard som rejseklasse.

Til lokale rejser, fx fra togstation til kursussted, en kundes virksomhedsadresse el.lign., skal du anvende den billigste transportform, hvilket typisk er offentlig transport (bus, S-tog, metro/letbane, mv.). Taxa kan anvendes, når brug af offentlige transportmidler ikke er mulig og i tilfælde, hvor det er nødvendigt praktisk eller tidsmæssigt.
Togbilletter refunderes mod dokumentation i form af kvittering (se punkt 6).
Anvender du dit private rejsekort til tjenesterejser, refunderes udlægget mod dokumentation (se punkt 6).

_Kørsel i egen bil_
Ved erhvervsmæssig kørsel i egen bil får du udbetalt skattefri kørselsgodtgørelse efter statens til enhver tid gældende takster, der kan findes på [skat.dk](https://skat.dk/data.aspx?oid=2234870).

Kørselsgodtgørelsen dækker udgifter til bilen, fx benzin, vedligeholdelse, vægtafgift, afskrivning, finansiering og forsikring.

Du registrerer din kørsel via Zenegy under ”_Kørsel_”.

Du skal også huske at indberette den skattefri kørselsgodtgørelse til Skattestyrelsen via eIndkomst – se evt. [skat.dk](https://skat.dk/data.aspx?oid=2234870).

_Lejebil_
Hvis det er mest hensigtsmæssigt for din rejse at anvende lejebil, kan du vælge at leje en bil, fx via GoMore.

Maksimumbeløbet pr. dag for billeje er 350 kr. ekskl. kilometer og brændstof.

## 4\. Udenlandske rejser

Udenlandske rejser skal godkendes af funktionsleder i passende tid inden afrejse:
*   Specialister = godkendes af Aske Warming el. Karsten Hansen
*   Client Managers = godkendes af Martin Hansen
*   Salg = godkendes af Martin Hansen

Ved udenlandske rejser refunderes rejseudgifter til fly på billigste klasse. Ved transport i udlandet og tilslutning i forbindelse med lufthavne eller stationer, skal du som udgangspunkt bruge den billigst mulige transportform. Taxa kan dog benyttes.

## 5. Repræsentationsudgifter

Repræsentationsudgifter er udgifter, som afholdes ifm. opmærksomhed eller kommerciel gæstfrihed over for eksterne forretningsforbindelser som fx kunder, leverandører, forhandlere, rådgivere, etc.

Det er medlemmerne af Searchminds øverste ledelse, der vurderer, hvornår der er behov for repræsentation ifm. eksterne samarbejdspartnere.

## 6. Refundering af udgifter

For at få refunderet dine udgifter, skal du registrere dine udlæg via Zenegy under ”_Mine udlæg_” – husk altid at uploade dokumentation i form af enten faktura eller kvittering.

Hvad der er købt, og hvor stor en del af beløbet momsen udgør, skal fremgå af dokumentationen.

Dankortkvitteringer (dvs. hvor det ikke fremgår, hvad der er købt) kan ikke stå alene som dokumentation.

Har du brug for hjælp til dine udlæg – så kontakt Nicolai Damgaard.

* * *",https://app.clickup.com/20450769/v/dc/kg3eh-1581/kg3eh-247505,"{""value"":""emoji::🧳""}"
kg3eh-247525,Fravær,kg3eh-10785,Det essentielle,1,Det essentielle / Fravær,4,2022-11-08T13:02:07.745Z,2024-12-05T12:30:55.543Z,923,"For de fleste medarbejdere vil der en gang imellem opstå en situation, der vil medføre fravær af kortere eller længere varighed, fx egen sygdom, barns sygdom, akut behov for lægebesøg, mv.

Når du er syg eller fraværende af andre årsager i arbejdstiden, skal du altid give besked til din nærmeste leder og registrere fraværet i Zenegy.

Her kan du læse mere om de forskellige typer af fravær - og hvordan du skal forholde dig til dem. Er du i tvivl, så tag fat i din nærmeste leder, som gerne hjælper dig. 

## 1\. Egen sygdom

Det kan være forskelligt fra person til person, hvornår man føler behov for at sygemelde sig. En rettesnor kan være, hvorvidt man er i stand til at udføre det nødvendige arbejde.

Egen sygdom er fravær med løn for alle medarbejdere med funktionærstatus. For timelønnede medarbejdere med funktionærstatus gælder, at der udbetales løn under sygdom for de på forhånd planlagte arbejdsdage.

Ved egen sygdom skal du meddele fraværet, inkl. den forventede varighed, til nærmeste leder senest kl. 8.30 på den første sygedag. Derudover skal du aktivere dit autosvar på arbejdsmailen og benytte ”syg”-ikonet på Slack.

Ved fravær grundet graviditetsbetinget sygdom skal du desuden informere nærmeste leder af hensyn til ansøgning om refusion.

Du skal raskmelde dig til nærmeste leder, når du igen er i stand til at varetage dit arbejde.

## 2\. Læge- og tandlægebesøg

Besøg til læge, tandlæge, kiropraktor, fysioterapeut o. lign. bør du så vidt muligt forsøge at placere uden for arbejdstiden. Er det ikke muligt, kan du tage afsted i arbejdstiden, så længe du tager hånd om dine opgaver på et andet tidspunkt.

Akutte læge- eller tandlægebesøg sidestilles med sygdom. I disse tilfælde er der derfor tale om fravær med løn.

## 3\. Kontrolbesøg ifm. graviditet

Fravær grundet obligatorisk graviditetskontrolbesøg hos læge eller jordemoder regnes som fravær med løn (gælder både kvindelige og mandlige medarbejdere). Dette skal registreres som ""Andet fravær"" i Zenegy. Dette har ikke indvirkning på din løn eller ferie.

## 4\. Barns sygdom

Ved barns sygdom, hvor der opstår et pasningsproblem, kan du holde fri med løn på barnets første sygedag, mens pasningsordning etableres. Du skal orientere nærmeste leder senest ved arbejdstids begyndelse.

Barnets første sygedag gælder for egne børn under 15 år og kan afholdes af dig eller din medforælder. Er barnet syg mere end en dag, og du ikke har mulighed for at arrangere anden pasning, afholdes efterfølgende dage som feriedage eller fravær uden løn.

For timelønnede medarbejdere gælder retten til løn under fraværet, hvis der på forhånd er planlagt arbejdstid den dag, barnet bliver sygt.

## 5\. Fri ved dødsfald og begravelser

Der gives én dags frihed med løn ved dødsfald i nærmeste familie samt yderligere én dags frihed med løn ved deltagelse i begravelsen/bisættelsen, hvis denne falder på en hverdag.

Ved nærmeste familie forstås fx ægtefælle, kæreste, forældre, bedsteforældre, børn, børnebørn og søskende, samt ægtefælles eller kærestes børn og forældre.

## 6\. Omsorgsorlov

Du har ret til fravær i fem arbejdsdage hvert kalenderår til at yde personlig omsorg eller støtte til:
*   et familiemedlem (egne børn, forældre, ægtefælle eller partner), eller
*   en person der bor i samme husstand,
som har behov for væsentlig omsorg eller støtte på grund af en alvorlig helbredsmæssig tilstand.

Holder du omsorgsorlov, er der tale om fravær uden løn.

Omsorgsorloven kan holdes som en samlet periode eller som enkelte dage, og dagene tildeles ved årets begyndelse. Ubrugte omsorgsdage bortfalder ved kalenderårets udgang og kan således ikke overføres.

I perioden fra lovens ikrafttræden og til og med den 31. december 2022 vil man få tildelt et forholdsmæssigt antal omsorgsdage, som efter loven er fastsat til 2 arbejdsdages fravær uden løn.

## 7\. Andet fravær

Hvis du har behov for frihed i forbindelse med hændelser i privatlivet (fx skilsmisse, kritisk sygdom el.lign. i egen eller nærmeste familie), drøftes omfang og muligheder for fritagelse fra arbejdet som fx brug af ferie, frihed uden løn eller andet, direkte med nærmeste leder.

## 8\. Sygdom ifm. ferie

Hvis uheldet rammer, og du må lægge dig syg i din ferie, har du på grund af ferieloven mulighed for at få erstattet din ferie.

Reglerne afhænger af, om du er blevet syg før eller efter din ferie begynder.

Din ferie begynder på det tidspunkt, hvor du ellers skulle have mødt på arbejdet, hvis du ikke havde holdt ferie. Dvs. weekender, helligdage o. lign. tæller ikke med.

**Hvis du er syg, når din ferie begynder:**
*   Du skal melde dig syg til nærmeste leder, inden din ferie begynder (dvs. før normal arbejdstids begyndelse på den første feriedag), og sige, at du ikke ønsker at holde din ferie.
*   Du behøver ikke indhente en lægeerklæring, medmindre du bliver bedt om det (i så fald betaler Searchmind for udgiften til lægeerklæringen).
*   Du får erstatningsferie for alle sygedagene, når du er sygemeldt, inden ferien begynder.

OBS: Kontakt nærmeste leder (skal gøres i umiddelbar forlængelse af sygemeldingen) for at få tildelt erstatningsferie.

**Hvis du bliver syg i løbet af din ferie:**
*   Du skal melde din sygdom til din leder på første sygedag.
*   Du skal selv betale for en lægeerklæring for at dokumentere din sygdom.
*   Du ikke kan få erstatningsferie for de fem første sygedage i din ferie (det er ikke et krav, at det er sammenhængende dage).
*   Du kan få erstatningsferie efter 5 sygedage - forudsat at du har indhentet en lægeerklæring eller anden lægelig dokumentation for din sygdom.
*   OBS: Kontakt Head of nærmeste leder (skal gøres i umiddelbar forlængelse af sygemeldingen) for at få tildelt erstatningsferie.

* * *",https://app.clickup.com/20450769/v/dc/kg3eh-1581/kg3eh-247525,"{""value"":""emoji::🤒""}"
kg3eh-247545,Ferie og feriefri,kg3eh-10785,Det essentielle,1,Det essentielle / Ferie og feriefri,5,2022-11-08T13:22:14.049Z,2026-06-25T12:13:02.358Z,1092,"## 1\. Helligdage

Følgende dage er helligdage – og dermed fridage – for alle medarbejdere:
*   Nytårsdag
*   Skærtorsdag 
*   Langfredag 
*   2\. påskedag  
*   Kristi Himmelfartsdag
*   2\. pinsedag 
*   2\. juledag

Derudover har Searchmind valgt at give alle medarbejdere fri på disse dage:
*   Juleaften (24. december)
*   Nytårsaften (31. december)

For fastlønnede medarbejdere er ovenstående betalte fridage – dvs. med løn.
Timelønnede medarbejdere har fri uden løn.

## 2\. Optjening af ferie, ferie på forskud og overførsel af ferie

Alle medarbejdere har ret til 5 ugers ferie årligt (hvilket svarer til 25 feriedage pr. år). Ferien optjenes løbende med 2,08 feriedage pr. måned og kan afholdes så snart, den er optjent (samtidighedsferie).

Når du skal holde ferie, skal du aftale det med din leder og efterfølgende registrere perioden i Zenegy. Vær opmærksom på fristerne nedenfor.

Det er i Searchmind muligt at afholde op til 5 dages ferie på forskud, dog ikke flere dage, end at ferien kan optjenes inden for samme ferieår. I juli kan der derfor max. holdes 4,16 feriedage på forskud, og i august kan der max. holdes 2,08 feriedage på forskud.

Ferie på forskud skal du - på samme vis som al anden ferie - aftale med nærmeste leder og efterfølgende registrere i Zenegy.

Obs. Er man i minus/bruger ferie på forskud, så skal man være obs på, at når optjeningsåret starter 1. september, så skal balancen være i 0. Ellers bliver det automatisk trukket fra ens løn. Dette er lovkrav, at man ikke kan være i minus, når et nyt optjeningsår starter.

Resterende dage fra 5. ferieuge bliver automatisk udbetalt på lønsedlen i slut-januar det kommende år. Det er muligt at få overført resterende dage i 5. ferieuge, som aftales skriftligt med Damgaard.

Obs. Du skal have afholdt min. 20 feriedage (feriefridage er ikke medregnet i de 20 dage) inden året er omme. Dette er lovkrav. Bliver disse ikke afholdt, vil de gå tabt. De kan ikke udbetales eller overføres. Løber du dog ind i feriehindring (herunder barsel eller sygemelding), så er det lovligt at få overført, dette aftales med Damgaard.

## 3\. Feriefridage

Når du har været ansat i 12 måneder, har du ret til fem årlige feriefridage med fuld løn (dette gælder ikke timelønnede medarbejdere).

Det første år, hvor du opnår retten til feriefridage, tilskrives antallet af feriefridage dog forholdsmæssigt efter følgende trappe baseret på, hvornår du er tiltrådt i stillingen:
*   Hvis du er er tiltrådt i perioden 1. januar – 29. februar tildeles fem feriefridage
*   Hvis du er er tiltrådt i perioden 1. marts – 31. maj tildeles fire feriefridage
*   Hvis du er er tiltrådt i perioden 1. juni – 31. august tildeles tre feriefridage
*   Hvis du er er tiltrådt i perioden 1. september – 31. oktober tildeles to feriefridage
*   Hvis du er er tiltrådt i perioden 1. november – 31. december tildeles én feriefridag

Efterfølgende får du tildelt 5 feriefridage én gang årligt pr. 1. januar.

Hvis du har ikke-afholdte feriefridage til gode ved udgangen af året, overføres disse automatisk og kan dermed afholdes det efterfølgende år. Hvis de overførte feriefridage ikke er afholdt inden d. 31. december året efter, bortfalder de.

Det er ikke muligt at få udbetalt feriefridagene.

Ligesom almindelig ferie, aftales feriefridagene med din nærmeste leder og skal derefter registreres i Zenegy.

Vær opmærksom på, at både ferie og feriefridage altid skal afholdes i hele dage.
Vær opmærksom på, at I skal vælge ""Feriefridage/Ferifritimer"" i fraværstype, når I vil bruge disse.

## 4\. Sommerferie

Vær opmærksom på, at alle skal holde minimum 3 ugers sommerferie i perioden uge 26-34. Ferien behøver ikke være i én sammenhængende periode.

Sommerferie skal være aftalt med nærmeste leder og registreret i Zenegy senest 1. juni.

Har du pga. særlige omstændigheder ikke mulighed for at ønske ferie inden fristen eller tage 3 ugers sommerferie, skal du kontakte Damgaard for at få det godkendt og hvornår ferien så kan fastlægges.

Obs. Vi ønsker at holde ferie, når vores kunder holder ferie, hvorfor vi har lavet disse regler.

## 5\. Juleferie

Kontoret holder ferielukket mellem jul og nytår, hvor der også skal medregnes feriedage – husk derfor at reservere feriedage til afholdelse d. 27.-30. december (d. 24.-26. december samt 31. december er fridage – se ovenfor).

## 6\. Øvrig ferie

Ferie udover sommerferien skal du aftale med nærmeste leder min. 1 måned før, den skal afholdes.

Vær opmærksom på, at ferie skal afvikles i hele dage.

Det er tilladt af arbejdspladsen at afvise medarbejderens ferieanmodning, hvis det rammer ind i en periode, hvor der er særligt brug for medarbejderen. I tilfælde af en force majeure situation, som alvorlig sygdom i familien eller ulykke, herunder dødsfald i familien, kan arbejdspladsen ikke nægte dig ferie.

Kan du ikke møde til tiden og passe dit arbejde, fordi du er strandet på ferie, så skal du som selv betale for den tid, du ikke arbejder. Enten via ekstra feriedag eller selvbetalt feriedag, hvis du ikke har flere dage optjent.

## 7\. Sygdom ifm. ferie

Hvis uheldet rammer, og du må lægge dig syg i din ferie, har du på grund af ferieloven mulighed for at få erstattet din ferie.

Reglerne afhænger af, om du er blevet syg før eller efter din ferie begynder.

Din ferie begynder på det tidspunkt, hvor du ellers skulle have mødt på arbejdet, hvis du ikke havde holdt ferie. Dvs. weekender, helligdage o. lign. tæller ikke med.

**Hvis du er syg, når din ferie begynder:**
*   Du skal melde dig syg til nærmeste leder, inden din ferie begynder (dvs. før normal arbejdstids begyndelse på den første feriedag), og sige, at du ikke ønsker at holde din ferie.
*   Du behøver ikke indhente en lægeerklæring, medmindre du bliver bedt om det (i så fald betaler Searchmind for udgiften til lægeerklæringen).
*   Du får erstatningsferie for alle sygedagene, når du er sygemeldt, inden ferien begynder.

OBS: Kontakt nærmeste leder (skal gøres i umiddelbar forlængelse af sygemeldingen) for at få tildelt erstatningsferie.

**Hvis du bliver syg i løbet af din ferie:**
*   Du skal melde din sygdom til din leder på første sygedag.
*   Du skal selv betale for en lægeerklæring for at dokumentere din sygdom.
*   Du ikke kan få erstatningsferie for de fem første sygedage i din ferie (det er ikke et krav, at det er sammenhængende dage).
*   Du kan få erstatningsferie efter 5 sygedage - forudsat at du har indhentet en lægeerklæring eller anden lægelig dokumentation for din sygdom.
*   OBS: Kontakt nærmeste leder (skal gøres i umiddelbar forlængelse af sygemeldingen) for at få tildelt erstatningsferie.

* * *",https://app.clickup.com/20450769/v/dc/kg3eh-1581/kg3eh-247545,"{""value"":""emoji::🌴""}"
kg3eh-247625,Pensionsordning,kg3eh-10785,Det essentielle,1,Det essentielle / Pensionsordning,6,2022-11-08T13:59:14.444Z,2023-01-25T10:57:22.841Z,375,"Searchmind har etableret en fordelagtig pensionsløsning hos Velliv Pension.
Pensionsordningen gælder som udgangspunkt for fuldtidsmedarbejdere.

## 1\. Indtrædelse i ordningen

Du indtræder typisk i pensionsordningen efter 3 mdrs. ansættelse i Searchmind, medmindre andet er aftalt i din ansættelseskontrakt.

Pensionsordningen består af forsikringer ved mistet erhvervsevne, fritagelse for indbetaling, dødsfaldsdækning og kritisk sygdom.

Derudover er der opsparing til pensionering. Pensionsbidraget er på min. 5 %, som bliver trukket via din løn.

Pensionsordningen varetages af [Pensionsmæglerne Söderberg & Partners](http://www.soderbergpartners.dk/).

## 2\. Pensionsrådgivning

I forbindelse med at du indtræder i pensionsordningen, vil du blive kontaktet af Söderberg & Partners og tilbudt et personligt rådgivningsmøde.

På mødet vil du få uvildig og højtkvalificeret rådgivning om opsparings- og investeringsprodukter, risikodækninger mv. med anbefalinger til tilpasninger, så din pension passer til din situation i dag og tager højde for dine fremtidsplaner. Du kan også få hjælp til at overføre din/dine tidligere pensionsordning(er), hvis du ønsker dette.

Hvis du på et senere tidspunkt ønsker et nyt pensionsmøde, fx ved ændringer i din livssituation, er du mere end velkommen til at kontakte vores pensionsmægler, Søren Gammelby, på tlf. 61 20 21 67 eller [soren.gammelby@soderbergpartners.dk](mailto:soren.gammelby@soderbergpartners.dk).  

## 3\. Hvad dækker ordningen?

Pensionsordningen har følgende grunddækninger og valgmuligheder:

![](https://t20450769.p.clickup-attachments.com/t20450769/3c8b44fd-0c5d-48bb-8540-cd37e96986b0/image.png)

## 3\. Øvrige fordele

Udover ovenstående dækninger, har du igennem samarbejdet med Söderberg & Partners adgang til følgende fordele:
*   Advokathjælp med speciale i personskade og erstatningsret
*   Juridisk assistance til oprettelse af testamente
*   Udvidet socialrådgiverhjælp i tilfælde af sygemelding
*   Finansiel rådgivning ifm. fx banklån

Kontakt vores pensionsmægler, Søren Gammelby, på tlf. 61 20 21 67 eller [soren.gammelby@soderbergpartners.dk](mailto:soren.gammelby@soderbergpartners.dk), hvis du ønsker at høre nærmere om ovenstående.

## 4\. Har du spørgsmål til din pension?

Få svar på de typiske spørgsmål om din pensionsordning i Vellivs FAQ, der findes [her](https://www.velliv.dk/dk/privat/vaerktoejer/goer-det-selv/faq/typiske-spoergsmaal).

De fleste informationer kan du også finde i Netpension eller i Vellivs app. I app’en får du et enkelt overblik over dine pensionsforhold i Velliv. Du kan bl.a.
*   se din samlede pensionsopsparing og forventede månedlige pensionsudbetaling
*   få overblik over dine forsikringsdækninger ved sygdom og død
*   løbende følge med i afkastet på din pensionsopsparing

Du kan også til enhver tid kontakte vores pensionsmægler, Søren Gammelby, på tlf. 61 20 21 67 eller [soren.gammelby@soderbergpartners.dk](mailto:soren.gammelby@soderbergpartners.dk), hvis du har spørgsmål til din pension.

![](https://t20450769.p.clickup-attachments.com/t20450769/58c81070-111d-43c1-bea3-4f8dad92d503/image.png)

* * *",https://app.clickup.com/20450769/v/dc/kg3eh-1581/kg3eh-247625,"{""value"":""emoji::💰""}"
kg3eh-247725,Sundhedsordning,kg3eh-10785,Det essentielle,1,Det essentielle / Sundhedsordning,7,2022-11-08T14:07:11.069Z,2024-01-05T09:20:24.669Z,219,"Searchmind har oprettet en fordelagtig sundhedsordning igennem Tryg.

Ordningen omfatter alle fuldtidsmedarbejdere.

Her kan du læse mere om sundhedsordningen.

![](https://t20450769.p.clickup-attachments.com/t20450769/2834ccd0-2829-4393-8b7d-193199d882d9/image.png)
![](https://t20450769.p.clickup-attachments.com/t20450769/d6fea1f8-cea1-4f30-98bc-5cbee8411dcf/image.png)

Du finder mere information om de præcise dækninger i din forsikring på [www.tryg.dk/minside](http://www.tryg.dk/minside) eller i Tryg Sund appen.

Hvis du ønsker at medforsikre din ægtefælle/samlever og/eller børn, som beskrevet ovenfor, skal du bruge denne blanket:

[Tilmeldingsblanket sundhedsordning - familiemedlem.pdf](https://t20450769.p.clickup-attachments.com/t20450769/55855822-3aa5-489d-b81c-0ed430e31ff9/Tilmeldingsblanket%20sundhedsordning%20-%20familiemedlem.pdf)

## Tryg Sund **- din sundhed** samlet i en app

**Få overblik og hjælp direkte via appen:**
*   Se, hvordan du er dækket af din forsikring
*   Anmeld din skade direkte i appen, hvis du har behov for behandling
*   Tryg Behandlerbooking - vælg behandler og book tid direkte i appen
*   Nyhed! Få hjælp og rådgivning med Tryg Pårørende
*   Kontakt Tryg Lægehotline
*   Brug StressStop-linjen
*   Sundhedsprofil
Dette er et personligt værktøj, som kan hjælpe og motivere til en sund livsstil i forhold til kost,
rygning, alkohol, motion og stress.

[Hent app'en.](http://onelink.to/3erceh)

* * *

**Interesseret i mere inspiration til din sundhed?**

I app'en ""C&C Mind"" kan du finde alle C&C Mind's guidede meditationer, yogasessioner og nyheder om kurser og events - helt gratis.

I app'en kan du med andre ord få inspiration til at stoppe op - og det kan du både på dansk og engelsk (vælg DK eller EN på forsiden).

[https://ccmind.dk/app/](https://ccmind.dk/app/)

* * *",https://app.clickup.com/20450769/v/dc/kg3eh-1581/kg3eh-247725,"{""value"":""emoji::🚑""}"
kg3eh-250805,Beredskabsplan ved databrud,kg3eh-10785,Det essentielle,1,Det essentielle / Beredskabsplan ved databrud,8,2022-11-09T09:08:01.638Z,2022-11-28T14:21:07.356Z,2609,"### Beredskabsplan
### for Searchmind ApS
### vedr. databrud eller risiko for databrud

| Version | 1.0 |
| ---| --- |
| Dato | 15\. maj 2018 |
| Godkendt af | Brian Ahle |
| Antal sider | 12 |

# 1\. Indledning

1.1. Beredskabsplanen har til formål at opstille virksomhedens retningslinjer i tilfælde af databrud eller risiko for databrud vedrørende persondata.

1.2. Et databrud er enhver form for hændelse, hvor virksomheden risikerer, at nogen har fået adgang – eller haft mulighed for at få adgang – til virksomhedens persondata, som ikke skulle have haft det.

Det betyder ikke noget, om persondataene rent faktisk er brugt til noget, udnyttet eller krænket. Bare det, at der har været en risiko for, at de kunne blive udnyttet, betyder, at der teknisk har været et databrud.

1.3. I tilfælde af databrud skal virksomheden og medarbejderne nøje følge beredskabsplanen for at sikre mindst mulige risici for de personer, som virksomheden har persondata om og som omfattes af databruddet.

1.4. Alle medarbejdere i virksomheden er forpligtet til straks at orientere nærmeste leder, såfremt der opstår mistanke – eller konkret viden – om, at virksomheden har databrud eller risikerer databrud, således at virksomheden omgående kan reagere og overholde lovgivningen.

1.5.Beredskabsplanen er inddelt i afsnit nedenfor, som er prioriteret i forhold til de mest sandsynlige scenarier for databrud, der kan opstå i virksomheden.

1.6. For alle typer af databrud er det væsentligt at være opmærksom på, at der potentielt skal ske underretning til de personer, hvis persondata omfattes af databruddet, ligesom der potentielt skal ske underretning til Datatilsynet inden for 72 timer efter databruddet.
##   

# 2\. Databrud via forglemmelse/tyveri af computere, telefoner og mobile devices

2.1. Hvis medarbejderen eller virksomheden mister en computer, en smartphone, en anden mobile device (Ipad m.v.), fysiske dokumenter f.eks. ved tyveri, forglemmelse eller ved at enheden eller dokumenterne på anden måde kommer i nogens uberettigede besiddelse, skal virksomhedens ledelse straks orienteres. Der kan da være tale om et databrud, hvis persondata omfattes.

2.2. Med straks menes inden for få minutter efter, at databruddet er konstateret. Medarbejderen må ikke vente med at kontakte ledelsen til senere på dagen eller andet ’belejligt’ tidspunkt.

2.3. Underretning skal ske til lederen telefonisk (hvis nødvendigt på privat telefonnummer –  også om aftenen og natten), så der ikke er risiko for, at en mail ligger i en indbakke, som ikke tjekkes inden for få minutter. Kan medarbejderen ikke få kontakt til lederen, skal anden leder i virksomheden kontaktes på tilsvarende vis.

2.4. Lederen skal sørge for, at virksomheden laver passende sikkerhedsforanstaltninger i forhold til den opståede situation. Enten ved selv at udføre foranstaltningerne eller sikre, at en overordnet leder straks går i gang.

**2.5.** **Konkrete tiltag hvis en computer, smartphone eller anden enhed mistes:**
2.5.1. Virksomheden og medarbejderen skal kontrollere, at enheden reelt er mistet og ikke blot forlagt.

2.5.2. Virksomheden skal vurdere omfanget af databruddet og vurdere hvilke sikkerhedsforanstaltninger, der skal opstilles for at sikre de berørte personers rettigheder og persondata, blandt andet nedenstående.

2.5.3. Hvis enheden reelt er mistet, skal den omgående ”wipes”, således at indholdet på enheden slettes via fjernadgang og ikke længere er tilgængeligt fra enheden.

2.5.4. Kodeord til enheden skal straks ændres og enheden skal forhindres adgang til virksomhedens mail, server, app m.v.

2.5.5. Eventuelle brugerkonti for medarbejderen i form af personlige logins, adgangskoder m.v. skal ændres, således at der ikke er risiko for adgang til virksomhedens persondata via brugerkonti for den medarbejder, der har mistet enheden.

2.5.6. Hvis det er muligt, skal virksomheden kryptere de persondata, der er omfattet af databruddet.

2.5.7. Virksomheden skal orientere øvrige medarbejdere om den mistede enhed, således at medarbejderne er opmærksom på falske henvendelser fra medarbejderens enhed om, at kodeord/adgang er forkert og at der skal åbnes op igen.

2.5.8. Virksomheden og medarbejderen skal i fællesskab gennemgå om der er øvrige relevante foranstaltninger, der skal foretages ud fra medarbejderens konkrete og private brug af enheden (f.eks. apps, spil, gemte kodeord)

2.5.9. Virksomheden skal overveje, om der skal indgives politianmeldelse vedrørende databruddet.

2.5.10. Virksomheden skal vurdere, om der på baggrund af databruddet er behov for at ændre virksomhedens arbejdsgange, procedurer, uddannelse af medarbejdere i overholdelse af reglerne eller andet for at mindske risikoen for lignende databrud i fremtiden

# 3\. Databrud via forkert anvendelse, videregivelse, tab eller ændring af persondata

3.1. Et databrud er også, at en medarbejder får adgang til persondata, som medarbejderen enten ikke burde have adgang til, eller anvender persondataene i strid med f.eks. formålet med persondataene.

3.2. Det er også databrud, hvis en medarbejder kommer til at sende en mail til en forkert modtager – både internt og eksternt.

3.3. Ligeledes er det databrud, hvis der sker uberettiget tab (f.eks. sletning) eller ændring af persondata.

3.4. Den medarbejder, som enten er årsag til databruddet, er den første der orienteres om databruddet, opdager databruddet eller har mistanke om, at der er sket databrud, skal straks orientere ledelsen i virksomheden.

3.5. Med straks menes inden for få minutter efter, at databruddet er konstateret. Medarbejderen må ikke vente med at kontakte ledelsen til senere på dagen eller andet ’belejligt’ tidspunkt.

3.6. Underretning skal ske til lederen telefonisk (hvis nødvendigt på privat telefonnummer –også om aftenen og natten), så der ikke er risiko for, at en mail ligger i en indbakke, som ikke tjekkes inden for få minutter. Kan medarbejderen ikke få kontakt til lederen, skal anden leder i virksomheden kontaktes på tilsvarende vis.

**3.7.** **Konkrete tiltag, hvis persondata anvendes forkert eller videregives uberettiget**
3.7.1. Virksomheden skal vurdere omfanget af databruddet og vurdere hvilke sikkerhedsforanstaltninger, der skal opstilles for at sikre de berørte personers rettigheder og data.

3.7.2. Hvis det er muligt, skal virksomheden kryptere de persondata, der er omfattet af databruddet.

3.7.3. Virksomheden skal indhente erklæring fra de personer, der uberettiget har modtaget persondataene, om, at persondataene ikke er læst, ikke er videresendt, ikke er lagret og/eller ikke på anden vis er behandlet af den modtagende medarbejder eller modtagende virksomhed (bilag 1).

3.7.4. Virksomheden skal i sin vurdering af de nødvendige sikkerhedsforanstaltninger lægge vægt på blandt andet:
*   Tilliden til og troværdigheden hos den person, der uberettiget har modtaget persondata fra virksomheden
*   Reaktionen hos personen, f.eks. om vedkommende selv har svaret tilbage, at vedkommende har modtaget persondataene ved en fejl, har slettet persondataene m.v.
*   Kendskabet til den virksomhed/organisation/andet, hvori personen, der uberettiget har modtaget persondataene, er tilknyttet. F.eks. om virksomheden har pålagt sine ansatte tavshedspligt med hensyn til persondata, der modtages uberettiget og forbud mod at lagre og videresende persondataene
*   Typen, omfanget, følsomheden og mængden af persondataene
*   Om persondataene pga. databruddet er havnet uden for EU
*   Om virksomheden har mulighed for at tilbagekalde mailen, uden at mailen har kunnet læses hos modtageren, hvis databruddet vedrører en mail, der er sendt forkert
*   Hvilken form for behandling af persondataene, der er sket hos den modtagende person eller virksomhed samt om persondataene automatisk lagres hos tredjemand, som f.eks. Google eller Microsoft, fordi modtageren benytter sådanne databehandlere.

3.7.5. Virksomheden skal overveje, om der skal indgives politianmeldelse vedrørende databruddet.

3.7.6. Virksomheden skal vurdere, om der på baggrund af databruddet er behov for at ændre virksomhedens arbejdsgange, procedurer, uddannelse af medarbejdere i overholdelse af reglerne eller andet for at mindske risikoen for lignende databrud i fremtiden.

3.7.7. Virksomheden skal dokumentere (nedskrive, elektronisk lagre m.v.) alle omstændighederne omkring databruddet og de sikkerhedsforanstaltninger, virksomheden har foretaget i den forbindelse.
#   

# 4.Hackerangreb, virusangreb, malwareangreb og lignende

4.1. Et databrud kan også være, at virksomheden udsættes for hackerangreb, virusangreb, malwareangreb eller lignende angreb.

4.2. Den medarbejder, der opdager et angreb på virksomhedens IT-system eller andre af virksomhedens systemer (f.eks. mobile enheder), eller har mistanke om det, skal straks orientere ledelsen i virksomheden om det.

4.3. Med straks menes inden for få minutter efter, at angrebet er konstateret. Medarbejderen må ikke vente med at kontakte ledelsen til senere på dagen eller andet ’belejligt’ tidspunkt.

4.4. Underretning skal ske til lederen telefonisk (hvis nødvendigt på privat telefonnummer –  også om aftenen og natten), så der ikke er risiko for, at en mail ligger i en indbakke, som ikke tjekkes inden for få minutter. Kan medarbejderen ikke få kontakt til lederen, skal anden leder i virksomheden kontaktes på tilsvarende vis.

**4.5.** **Konkrete tiltag, hvis virksomheden udsættes for hackerangreb, virusangreb, malwareangreb eller lignende**
4.5.1. Medarbejderen skal vurdere, om der reelt er tale om en situation, der har karakter af hackerangreb, virusangreb, malwareangreb eller lignende.

4.5.2. Såfremt der er tale om et angreb, skal medarbejderen afbryde internetforbindelsen ved enten at deaktivere netværkskortet, deaktivere anvendelse af Wi-Fi eller manuelt deaktivere internetforbindelse via kabel til enheden

4.5.3. Medarbejderen skal slukke enheden fysisk. Om fornødent skal alle medarbejdere i virksomheden slukke sine computere og mobile enheder, ligesom serverforbindelse skal afbrydes.

4.5.4. Virksomheden skal vurdere omfanget af angrebet og vurdere hvilke sikkerhedsforanstaltninger, der skal opstilles for at sikre de berørte personers rettigheder og persondata.

4.5.5. Hvis det er muligt, skal virksomheden kryptere de persondata, der er omfattet af angrebet.

4.5.6. Kodeord til virksomhedens systemer, servere, computere og andre enheder skal straks ændres. Ændringen vedrører såvel de enkelte medarbejderes brugerkonti som adgangskoder til systemet ’udefra’, f.eks. leverandørers, samarbejdspartneres og andres adgang til systemet.

4.5.7. Virksomheden skal orientere alle medarbejdere om angrebet, således at medarbejderne er opmærksom på indikationer på, at angrebet fortsætter eller senere iværksættes på ny.

4.5.8. Alle berørte personer, samarbejdspartnere, leverandører og kunder, som virksomheden elektronisk udveksler oplysninger med, skal orienteres om angrebet, hvis det er relevant, således at også disse personer og virksomheder kan opstille egne sikkerhedsforanstaltninger.

4.5.9. Virksomheden skal om muligt logge alle oplysninger om angrebet, om de sikkerhedsforanstaltninger, der foretages og andre relevante informationer i forbindelse med angrebet for at kunne undersøge årsagen til angrebet og eventuelle sårbarheder i virksomhedens sikkerhedsforanstaltninger.

4.5.10. Virksomheden og de berørte medarbejdere skal i fællesskab gennemgå om der er øvrige relevante foranstaltninger, der skal foretages ud fra medarbejderens konkrete og private brug af enheden (f.eks. download af programmer eller applikationer, brug af usikre hjemmesider m.v.).

4.5.11. Virksomheden skal vurdere, om der på baggrund af databruddet er behov for at ændre virksomhedens arbejdsgange, procedurer, uddannelse af medarbejdere i overholdelse af reglerne eller andet for at mindske risikoen for lignende angreb i fremtiden.

4.5.12. Virksomheden skal dokumentere (nedskrive, lagre elektronisk m.v.) alle omstændighederne omkring databruddet og de sikkerhedsforanstaltninger, virksomheden har foretaget i den forbindelse.
###   

# 5.Indbrud

5.1. Hvis der er fysisk indbrud i virksomheden, kan der også være tale om et databrud.

5.2. I tilfælde af indbrud, skal den medarbejder, der opdager indbruddet, kontakte lederen inden for få minutter efter, at indbruddet er konstateret. Medarbejderen må ikke vente med at kontakte ledelsen til senere på dagen eller andet ’belejligt’ tidspunkt.

5.3. Underretning skal ske til lederen telefonisk (hvis nødvendigt på privat telefonnummer –  også om aftenen og natten), så der ikke er risiko for, at en mail ligger i en indbakke, som ikke tjekkes inden for få minutter. Kan medarbejderen ikke få kontakt til lederen, skal anden leder i virksomheden kontaktes på tilsvarende vis.

5.4. Lederen skal sørge for, at virksomheden laver passende sikkerhedsforanstaltninger i forhold til den opståede situation. Enten ved selv at udføre foranstaltningerne eller sikre, at en overordnet leder straks går i gang.

**5.5.** **Konkrete tiltag ved indbrud:**
5.5.1. Virksomheden og medarbejderne skal kontrollere, at om der er stjålet computere, smartphone eller andre enheder indeholdende eller med adgang til persondata. Hvis det er tilfældet følges fremgangsmåden i punkt 3 i forhold til de pågældende enheder.

5.5.2. Virksomheden og medarbejderne skal undersøge, om der er sket databrud i forhold til persondata, som findes fysisk i virksomheden:
*   Er der stjålet dokumenter fra skriveborde eller andre steder, som indeholder persondata?
*   Er der stjålet sager, skraldespande, notesblokke eller andet, som indeholder persondata?
*   Har der under indbruddet været adgang til persondata andre steder i virksomheden, f.eks. på opslagstavle, whiteboard eller andet?
*   Er der tegn på, at dokumenter er blevet kopieret eller affotograferet og lagt tilbage?

5.5.3. Virksomheden skal blandt andet ud fra de nævnte spørgsmål vurdere omfanget af databruddet og vurdere hvilke sikkerhedsforanstaltninger, der skal opstilles for at sikre de berørte personers rettigheder og persondata.

5.5.4. Virksomheden skal orientere alle medarbejdere om indbruddet, således at medarbejderne er opmærksomme på konsekvenser af indbruddet og kan bidrage med inputs til sikring af rettigheder og persondata for de personer, som er omfattet af databruddet.

5.5.5. Virksomheden skal overveje, om der skal indgives politianmeldelse vedrørende indbruddet.

5.5.6. Virksomheden skal vurdere, om der på baggrund af indbruddet er behov for at ændre virksomhedens arbejdsgange, procedurer, uddannelse af medarbejdere i overholdelse af reglerne eller andet for at mindske risikoen for lignende situationer i fremtiden

5.5.7. Virksomheden skal dokumentere (nedskrive, elektronisk lagre m.v.) alle omstændighederne omkring indbruddet og de sikkerhedsforanstaltninger, virksomheden har foretaget i den forbindelse.

## 6\. Databehandlere

6.1. Virksomhedens databehandlere og andre, som persondata (lovligt eller ulovligt) måtte være videregivet til, skal straks underrettes om databruddet med henblik på at foretage egne, passende sikkerhedsforanstaltninger

## 7\. Vurdering af risiko og underretning til de berørte personer

7.1. Efter at have foretaget passende sikkerhedsforanstaltninger, skal virksomheden uanset typen af databrud vurdere, om der skal ske underretning til de personer, hvis persondata er omfattet af databruddet.

7.2. Underretning skal ske til alle berørte personer, hvis databruddet fortsat _sandsynligvis_ vil indebære en _høj risiko_ for personernes rettigheder og frihedsrettigheder.

7.3. Underretning skal ske _uden unødig_ forsinkelse.

7.4. Med høj risiko menes _blandt andet_, at der, selvom der er lavet sikkerhedsforanstaltninger:
*   Stadig er adgang til alle eller dele af persondataene eller er risiko for det
*   Er risiko for, at persondataene udnyttes eller på anden måde krænkes, f.eks. at persondataene offentliggøres
*   Er risiko for, at persondataene er videresendt til andre eller delt på anden måde

7.5. Virksomheden skal i vurderingen inddrage typen af persondata, omfanget og hvordan omstændighederne om databruddet i øvrigt har været for at vurdere, om der er _høj risiko_.

7.6. Virksomheden skal ikke individuelt underrette de personer, hvis persondata er berørt af databruddet, hvis det vil kræve en uforholdsmæssig indsats.

7.6.1. Virksomheden skal da i stedet foretage en offentlig meddelelse (f.eks. pressemeddelelse) eller lignende, hvorved de berørte personer underrettes på en effektiv måde.
###   

# 8\. Underretning til Datatilsynet

8.1. Virksomheden skal _uden unødig forsinkelse_ (og senest inden for 72 timer) orientere Datatilsynet om databruddet.

8.2. Datatilsynet skal ikke underrettes, hvis det er usandsynligt, at der efter de foretagne foranstaltninger er risici for personers rettigheder og persondata.

8.3. Hvis virksomheden vurderer, at der skal ske anmeldelse til Datatilsynet, skal virksomheden fremsende følgende oplysninger til Datatilsynet:
*   Følsomme/ikke-følsomme persondata?
*   Hvordan skete databruddet?
*   Hvor?
*   Hvornår?
*   Typer af persondata (hvis muligt)?
*   Hvor mange persondata (hvis muligt)?
*   Nævne kontaktperson på virksomhedens databeskyttelsesrådgiver (hvis man har én). Alternativt en anden kontaktperson i virksomheden.
*   Nævne de sandsynlige konsekvenser af databruddet.
*   Nævne de foranstaltninger, som virksomheden har gjort eller tænkt sig at gøre for at begrænse risikoen for krænkelse af oplysningerne.

8.4. Anmeldelse skal i øvrigt ske efter de anvisninger, der kan findes på Datatilsynets hjemmeside [www.datatilsynet.dk](http://www.datatilsynet.dk/).
##   

# 9\. Normalisering af drift

9.1. Når de forskellige foranstaltninger i forbindelse med et databrud er gennemført, for at sikre personers rettigheder og persondata, genetablerer virksomheden den normale drift hurtigst muligt, bl.a. ved at indlæsning af backups.

9.1.1. Genetablering kan, hvis nødvendigt, ske via brug af databehandlere. Der skal da indgås databehandleraftaler.

9.2. Virksomheden og medarbejderne sikrer, at der ved at genetablering af driften (f.eks. indlæsning af backup) ikke skabes ny risiko for databrud, f.eks. fordi en virusinficeret backup genindlæses.
##   

# 10\. Instruktion, vedligehold og opbevaring
10.1. Beredskabsplanen gennemgås minimum én gang årligt af alle medarbejdere, som bekræfter over for ledelsen, at planen er gennemgået og forstået.

10.2. Planen opdateres minimum én gang årligt eller i løbet af året, hvis virksomhedens forhold gør det relevant og nødvendigt.

* * *",https://app.clickup.com/20450769/v/dc/kg3eh-1581/kg3eh-250805,"{""value"":""emoji::❗""}"
kg3eh-250825,Sikkerhedspolitik,kg3eh-10785,Det essentielle,1,Det essentielle / Sikkerhedspolitik,9,2022-11-09T09:21:37.032Z,2025-01-27T11:05:50.194Z,2544,"### Sikkerhedspolitik
### for Searchmind ApS
### vedr. sikkerhed omkring persondata, kundedata
### og interne forretningsprocedurer

| Version | 1.0 |
| ---| --- |
| Dato | 15\. maj 2018 |
| Godkendt af | Brian Ahle |
| Antal sider | 11 |

# 1\. Formål

1.1. Sikkerhedspolitikken har til formål at fastsætte regler og procedurer for virksomhedens medarbejdere, primært for at sikre overholdelse af den til enhver tid gældende lovgivning om behandling af persondata.

1.2. Sikkerhedspolitikken skal herved bl.a. sikre, at de persondata, som virksomheden opbevarer og behandler, behandles på passende og forsvarlig vis.

1.3. Formålet med sikkerhedspolitikken er desuden at beskytte virksomhedens kundedata og interne forretningsprocedurer.
#   

# 2\. Begreber

2.1. Nedenstående begreber anvendes i Sikkerhedspolitikken.

2.2. ”Sikkerhedspolitikken” betyder nærværende dokument med eventuelle bilag. Hertil kommer særskilte vilkår i virksomhedens Beredskabsplan og Persondatapolitikken, som medarbejderen ligeledes er pligtig at overholde.

2.3. ”Medarbejderen” betyder alle ansatte i virksomheden, uanset omfanget af ansættelsen, herunder deltidsansatte, medhjælpere, praktikanter, konsulenter m.v.

2.4. ”Virksomheden” er:
Searchmind ApS
CVR: 3734 0588
Vestergade 19B
8000, Aarhus C

2.5. ”Persondata” betyder alle persondata i henhold
til gældende lovgivning, hvorved en person kan identificeres og uanset på
hvilket medie, dataene findes. Som eksempel kan nævnes mails indeholdende navn,
adresse, [tlf.nr](http://tlf.nr)., men også CPR-nr., nummerplade, IP-adresse og fotos er
eksempler på persondata.

2.6. ”Kundedata” betyder data om virksomhedens kunder, samarbejdspartnere, leverandører og andre lignende, som ikke er persondata.

2.7. ”Interne forretningsgange” betyder alle virksomhedens interne procedurer, prislister, vejledninger og forretningshemmeligheder i øvrigt som defineret i gældende lovgivning.

2.8. ”Oplysninger” betyder Persondata, Kundedata og Interne forretningsgange under ét.

2.9. ”IT-systemer og IT-udstyr” betyder alle former for hardware, software og transportable enheder, som virksomheder anvender, herunder stationære computere, printere, kopimaskiner, mobiltelefoner, Ipads, andre devices, routere, trådløse netværk m.v.

# 3\. Orientering om Sikkerhedspolitikken

3.1. Medarbejderen orienteres om sikkerhedspolitikken efter ansættelse.

3.2. Virksomheden foretager én gang helårligt revision af sikkerhedspolitikken.

3.3. Det påhviler medarbejderen til enhver tid at overholde sikkerhedspolitikkens regler og procedurer.

3.4. Medarbejderen kvitterer individuelt for sikkerhedspolitikken ved ansættelse og ved senere revisioner. Ved sin underskrift erklærer medarbejderen, at sikkerhedspolitikken er forstået, accepteret og vil blive overholdt, således at virksomheden kan dokumentere dette til eventuel senere brug.

3.5. Medarbejderen skal søge råd og vejledning i sikkerhedspolitikken, hvis der opstår tvivl om en given fremgangsmåde eller procedure i dagligdagen. Giver sikkerhedspolitikken intet svar, er medarbejderen forpligtet til at søge svar hos nærmeste leder. Lederen skal foranledige, at sikkerhedspolitikken ved kommende revision samtidig opdateres herom.

# 4\. Fysisk sikkerhed

4.1. Medarbejderen får udleveret nøgle og alarmkode til virksomhedens lokaler. Intet af dette må videregives til andre.

4.2. Adgang til lokalerne og IT-systemer må alene ske i arbejdsøjemed.

4.3. Virksomheden har blandt andet lavet følgende fysiske sikkerhedsforanstaltninger:

4.3.1. Virksomheden låser lokalerne, når lokalerne er ubemandede

4.3.2. Virksomheden har installeret alarmsystem

4.3.3. Virksomheden har vurderet, at ovennævnte udgør et passende fysisk sikkerhedsniveau i forhold til at behandle bl.a. persondataforsvarligt, herunder for at sikre overholdelse af gældende regler for håndtering af persondata. Hvis medarbejderen mener, at yderligere foranstaltninger er hensigtsmæssige – både i relation til beskyttelse af persondata og kundedata – kontaktes ledelsen herom.

# 5\. Organisatorisk sikkerhed

5.1. Virksomheden og medarbejderen indretter dagligdagen og arbejdsopgaverne således, at andre medarbejdere, som ikke har behov for at blive involveret i den pågældende opgave og de pågældende oplysninger, afskæres herfra og ikke bliver bekendt med persondata herfra.

5.2. Medarbejderen er ikke berettiget til at læse, gennemse, besigtige, opbevare eller på anden måde gøre sig bekendt med fysiske dokumenter eller andet materiale indeholdende persondata, kundedata og interne procedurer, som ikke har at gøre med en opgave eller procedure, som den pågældende medarbejder aktuelt er involveret i.

5.3. Medarbejderen skal påse, at andre ikke kan kigge ’med over skulderen’, f.eks. i toget, på arbejdspladsen, på kundebesøg, ligesom persondata og kundedata ikke må omtales i telefonsamtaler, hvorved uberettigede personer kan få kendskab hertil

5.4. Såfremt andres adgang til IT-udstyr og IT-systemer nødvendiggøres (f.eks. reparation af kopimaskine, computer eller mobiltelefon), træffer virksomheden og medarbejderen i den forbindelse passende sikkerhedsforanstaltninger, herunder at der underskrives fortrolighedserklæring.

5.5. Virksomheden har derudover blandt andet lavet følgende organisatoriske sikkerhedsforanstaltninger:

5.5.1. Medarbejderen er forpligtet til at spørge ind til personer, som færdes i virksomheden og som medarbejderen ikke umiddelbart kender

5.5.2. Papirer med persondata må alene ligge fysisk på skrivebordet i det nødvendige omfang for den pågældende opgave. Papirerne skal derefter makuleres.

5.5.3. Skriveborde skal være ryddet for papirer ved arbejdsdagens ophør

5.5.4. Skraldespande tømmes ugentlig og følsomme papirer makuleres med det samme

5.5.5. Der indhentes tavshedserklæring fra personer, som ikke er ansat i virksomheden, men som har et lovligt ærinde hos virksomheden og / eller kan få kendskab til personoplysninger, f.eks. rengøringspersonale, reparatør af IT-systemer og IT-udstyr, gæster, revisorer, advokater og andre rådgivere. Der indgås databehandleraftaler, hvis der er tale om overladelse af data til databehandlere

5.5.6. Der noteres ikke persondata på tavler, whiteboards, displayskærme eller andet, hvorved uberettigede personer, som f.eks. gæster, kan se persondataene

5.5.7. Ledelsen instruerer med passende mellemrum medarbejderen om fokus på sikkerhedspolitikken og står til enhver tid rådighed for opklarende spørgsmål og anvisning

5.5.8. Ledelsen kontrollerer med passende mellemrum, at sikkerhedspolitikken overholdes og griber ind, hvis sikkerhedspolitikken i øvrigt overtrædes

5.5.9. Virksomheden vil, når det er muligt, installere software på IT-systemer og IT-udstyr, som understøtter den organisatoriske sikkerhed

5.5.10. Medarbejderen er instrueret i overholdelse af persondatareglerne, herunder at overveje hvornår og hvordan persondata behandles. Dette inkluderer opmærksomhed omkring databrud, videregivelse/overladelse af data m.v.

5.6. Virksomheden har vurderet, at ovennævnte udgør et passende organisatorisk sikkerhedsniveau i forhold til at behandle bl.a. persondata forsvarligt, herunder for at sikre overholdelse af gældende regler for håndtering af persondata. Hvis medarbejderen mener, at yderligere foranstaltninger er hensigtsmæssige i forhold til beskyttelse af Oplysninger – uanset hvilken type – kontaktes ledelsen herom.

# 6\. IT-sikkerhed

6.1 .Adgang til IT-systemer
6.1.1. Medarbejderen får udleveret login til virksomhedens IT-systemer til brug for den pågældende opgave og arbejdstype.

6.1.2. Virksomheden inddrager/ændrer adgangsrettighederne, når de ikke længere er nødvendige, for eksempel i tilfælde af ansættelses- og samarbejdsophør eller når sammensætning i arbejdsfunktionerne eller virksomhedens forhold i øvrigt gør det relevant.

6.1.3. Virksomheden laver minimum løbende en vurdering af, om de tildelte adgangsrettigheder fortsat er relevante, eller om disse skal udvides/indskrænkes.

6.1.4. De udleverede oplysninger er personlige og må ikke oplyses eller videregives til andre, herunder familie, kolleger, venner, assistenter og samarbejdspartnere.

6.1.5. Virksomhedens ledelse (eller andre, som ledelsen bemyndiger hertil) har adgang til på fjernafstand at slette indhold på IT-udstyr, der er stjålet, glemt, bortkommet eller på anden vis udgør en risiko for virksomhedens oplysninger. Medarbejderen må ikke eller hverken via installation af programmer eller på anden måde lave en indstilling på IT-udstyret, således fjernsletning forhindres.

6.1.6. Medarbejderen må ikke installere programmer på IT-udstyret bortset fra på mobiltelefoner og mobile devices, hvor der må installeres apps fra Apple App Store / Google Play Store

6.1.7. Det er ikke tilladt at ’jailbreake’ IT-systemer og IT-udstyr

6.1.8. Medarbejdere skal tage skridt til at undgå phishing-svindel og andre forsøg på, at hackere kan få adgang til kunde- og persondata. Alle medarbejdere vil modtage træning i at genkende sådanne angreb. Bl.a. må der aldrig trykkes på links i mails, medmindre mailen har relation til en samtidig arbejdsprocedure, som medarbejderen har aktiveret. Dette fritager dog ikke medarbejderen i at udvise agtpågivenhed og til stadighed vurdere mailens og afsenderens troværdighed.

6.1.9. Virksomhedens outsourcing skal være baseret på en databehandleraftale eller anden kontrakt, som overholder gældende lovgivning og som sikrer, at sikkerhedspolitikken overholdes .

6.1.10. IT-udstyr er placeret, således at der er mindst mulig risiko for kompromittering af persondata, herunder minimeret risiko for udstyret i relation til tyveri samt vand- og brandskade.

6.2. Adgangskoder til IT-systemer og IT-udstyr
6.2.1. Adgangskoder er en vigtig del af virksomhedens strategi for at sikre, at uautoriserede personer ikke får adgang til virksomhedens oplysninger.

6.2.2. Alt IT-udstyr og IT-systemer er sikret med adgangskoder.

6.2.3. Der anvendes to-trins login til IT-systemer og IT-udstyr, hvor det muligt
Obs. To-faktor-autentifikation (2FA) skal aktiveres og med sikre metoder (ikke SMS/e-mail). Kontakt den IT-ansvarlige hvis spørgsmål hertil.

6.2.4. Medarbejderen vælger selv sin adgangskode til de forskellige systemer bortset fra adgangskoder, som er foruddefineret af virksomheden.

6.2.5. Adgangskoden skal alene give mening for medarbejderen. Obs: Der skal bruges adgangskoder med min. 15 tegn, inkl. store/små bogstaver, tal og specialtegn.

6.2.6. Alle adgangskoder skal ændres hvert halve år. Virksomheden vil håndhæve kravene til adgangskoder med software, når det er muligt. Indtil da påhviler det medarbejderen selv at iagttage kravene til adgangskoder.

6.2.7. Alt IT-udstyr og alle IT-systemer skal ud over adgangskode ved start være udstyret med adgangskode, som aktiveres automatisk efter IT-udstyret er sat i standby for at forebygge uautoriseret adgang til kunde- og persondata, herunder skærmlås på mobiltelefon og computerskærm.

6.2.8. Alt IT-udstyr og IT-systemer skal deaktiveres (slukkes), når det ikke er i brug, f.eks. uden for arbejdstiden og i længere fravær, f.eks. ved lægebesøg.

6.2.9. Medarbejderen er forpligtet til omgående at orientere nærmeste leder, såfremt der opstår mistanke – eller konkret viden – om, at adgangskoden er kompromitteret. Medarbejderen og virksomheden skal samtidig skifte alle adgangskoder til IT-systemer og IT-udstyr udleveret til medarbejderen.

6.3. Fjernarbejde
6.3.1. Medarbejderen har mulighed for fjernarbejde, dvs. f.eks. arbejde hjemmefra eller fra anden lokation end virksomheden via opkobling til virksomhedens IT-udstyr og IT-systemer.

6.3.2. Medarbejderen skal ved fjernarbejde iagttage, at persondatapolitikken ligeledes overholdes, dvs. bl.a. ved at sikre, at persondata ikke kommer til familie/venners/andres kendskab, hvis der laves fjernarbejde. Ligeledes skal IT-udstyr være sikret uden for anvendelsestid, ligesom hjemmearbejdspladsen skal være aflåst.

6.4.Backup
6.4.1. Virksomheden anvender følgende backup-løsning Podio, der sørger for backup af alle virksomhedens oplysninger hver dag. Dette omfatter oplysninger på alt IT-udstyr.

6.4.2. Virksomheden har indgået databehandleraftale med leverandøren af virksomhedens backup-løsning.

6.4.3. Ved behov for genetablering af backup sikrer ledelsen, at alene én eller et fåtal af nødvendige og relevante medarbejdere forestår arbejdet. Dette bl.a. for at sikre, at der ikke sker adgang til persondata, som tidligere er slettet, men som nu er genetableret via backup’en. Tidligere slettede oplysninger skal slettes på ny, sådan at disse ikke igen er tilgængelige via backup’en.

6.4.4. Backup må aldrig laves på medarbejderens private IT-udstyr, herunder ved at gemme sikkerhedskopi af Iphone/anden smartphone på medarbejderens private computer, hvorved også virksomhedens oplysninger gemmes på medarbejderens computer.

6.5. USB-sticks, eksterne harddiske, CD’ere, DVD’ere og andre lagringsenheder (f.eks. mobiltelefon)
6.5.1. Oplysninger må ikke transporteres på USB-sticks, eksterne harddiske, CD’ere, DVD’ere og andre transportable lagringsenheder, herunder lokalt på medarbejderens mobiltelefon og bærbare computer.

6.5.2. Såfremt det måtte være nødvendigt, kan ledelsen i undtagelsestilfælde godkende, at oplysninger transporteres på en krypteret enhed og udstikker nærmere retningslinjer herfor.

6.5.3. Medarbejderen må ikke tilkoble eller installere eget eller andres IT-udstyr eller IT-systemer til virksomhedens IT-udstyr og IT-systemer, herunder anvende virksomhedens trådløse netværk, kopimaskine og printere og heller ikke tilslutte USB-stiks eller andre transportable lagerenheder. Årsagen er, at dette kan udgøre risiko for overførsel af virus og anden uautoriseret adgang til virksomhedens IT-udstyr og IT-systemer.

6.6. Internet og cloudløsninger
6.6.1. Medarbejderen må benytte virksomhedens internetadgang til private formål.

6.6.2. Medarbejderen må i nødvendigt omfang anvende internettet til private gøremål i løbet af arbejdstiden, men må ikke downloade filer, installere programmer, køre spil, anvende streamingtjenester (Youtube, Netflix, radio m.v.) eller lignende uden ledelsens udtrykkelig tilladelse hertil.

6.7. Øvrige IT-sikkerhedsforanstaltninger
6.7.1. Virksomheden anvender antivirus antispamsoftware og firewalls.

6.7.2. Virksomheden anvender systemer, der kontrollerer, om der sker databrud eller risiko for databrud

6.7.3. Virksomheden foretager af sikkerhedsmæssige årsager logning af alle aktiviteter og trafik på virksomhedens IT-udstyr og IT-systemer for at kunne håndtere trusler mod virksomhedens oplysninger og drift. Dette inkluderer logfiler over medarbejderes ageren på virksomhedens computere, mails, og andre elektroniske ”spor”

6.7.4. Virksomheden anvender kryptering af oplysningerne

6.7.5. Alle virksomhedens mails sendes som sikker mail

# 7\. Kommunikation

7.1. Enhver kommunikation mellem virksomheden, dens medarbejdere, kunder, samarbejdspartnere og andre betragtes som fortrolig kommunikation. Bortset fra i tilfælde som nævnt i punkt 8 må ingen uberettiget skaffe sig adgang til andres kommunikation.

7.2. Medarbejderen må hverken før, under eller efter ansættelsesforholdet videregive eller på anden må oplyse om persondata, som medarbejderen er blevet bekendt med via ansættelsesforholdet. Medarbejderen er således underlagt en tidsubegrænset tavshedspligt med hensyn til alle former persondata, som medarbejderen er blevet bekendt med via ansættelsesforholdet.

7.3. Alle former for kommunikation, herunder mails, tilhører som udgangspunkt virksomheden. Hvis mails anvendes som privat kommunikationsmiddel, skal dette være tydeligt markeret i emne-feltet.

7.4. Mails må aldrig sendes ud af virksomheden ved brug af CC-feltet, medmindre dette sker til en kunde eller samarbejdspartner, hvor forholdet nødvendiggør sådan brug og hvor modtagerne direkte eller indirekte er indforstået med brugen af CC. Mails til flere modtagere skal som udgangspunkt sendes som BCC og i mailen skal det oplyses, at der kan være flere, der modtager samme mail.

7.5. Intern kommunikation i virksomheden må som udgangspunkt gerne ske CC, forudsat at dette ikke overtræder øvrige forhold reguleret i sikkerhedspolitikken.

# 8\. Kontrol

8.1. Virksomheden kan ved mistanke om overtrædelse af sikkerhedspolitikken gennemse IT-logfiler og andre registrerede elektroniske spor, herunder mails, med henblik på at sikre, at sikkerhedspolitikken overholdes.

# 9\. Brud på sikkerheden

9.1. Medarbejderen skal udvise særlig agtpågivenhed med overholdelse af sikkerhedspolitikken, idet brud – eller risiko for brud herpå – kan medføre databrud, som defineret i virksomhedens beredskabsplan. Medarbejderen skal derfor omgående orientere den IT-ansvarlige og ledelsen herom, hvis nogen hændelse indtræder, hvor sikkerhedspolitikken kompromitteres.

9.2. Overtrædelse af sikkerhedspolitikken – herunder databrud – kan afhængig af omstændighederne medføre ansættelsesmæssige konsekvenser for medarbejderen.

9.3. Som eksempler på mulige databrud kan nævnes:
*   Mail sendt til en forkert modtager
*   Mail sendt indeholdende modtagere via CC-feltet
*   Mail sendt til flere indeholdende persondata
*   Uberettiget sletning af persondata
*   Uberettiget tab/ændring af persondata
*   Glemte dokumenter uden for kontoret/til kundemøde/andet
*   Glemt, stjålet eller bortkommet mobiltelefon/computer
*   At uberettigede personer overhører en telefonsamtale indeholdende persondata

# 10\. Økonomisk sikkerhed i forbindelse med hacking på private platforme og krav om korrekt sikkerhedsforanstaltning

10.1. Sikkerhedsforanstaltninger: Medarbejderen skal bruge adgangskoder med min. 15 tegn, inkl. store/små bogstaver, tal og specialtegn. Medarbejderen skal aktivere to-faktor-autentifikation (2FA) med sikre metoder (ikke SMS/e-mail). Kontakt den It-ansvarlige ved spørgsmål hertil.

10.2. Håndtering ved hacking eller mindste mistanke om mistænkelig aktivitet: Medarbejderen skal straks underrette den IT-ansvarlig og ledelsen. Derudover skal Medarbejderen samarbejde om at genoprette sikkerheden.

10.3. Økonomisk sikkerhed for Medarbejderen: Medarbejderen holdes ikke økonomisk ansvarlig for Virksomhedens tab som følge af hacking via medarbejderens private platforme. 

10.4. Krav om sikret sikkerhedsforanstaltninger: Ovenstående hændelse under punkt 10.3. vil medføre en skriftlig advarsel, såfremt sikkerhedsforanstaltninger fra punkt 10.1 ikke er overholdt. Hvis Medarbejderen efterfølgende ikke sikrer sikkerhedsforanstaltningerne, kan det føre til opsigelse af Medarbejderen. 

Har Medarbejderen sikret sikkerhedsforanstaltninger fra punkt 10.1 og alligevel bliver hacket med økonomisk tab for Virksomheden, vil Medarbejderen ikke blive holdt til ansvar.

Hvis man er i tvivl om sikkerhedsforanstaltningerne, kan man kontakte den IT-ansvarlige.

# 11\. Fratrædelse

10.1. Medarbejderen skal på sidste arbejdsdag aflevere alt modtaget IT-udstyr og andre effekter tilhørende virksomheden, herunder telefon, computer, Ipad, nøgler, firmakreditkort.

10.2. Virksomheden kan kræve, at udstyret afleveres tidligere end på sidste arbejdsdag.

10.3. I forbindelse med fratræden skal medarbejderen erindres om gældende lovgivning om forretningshemmeligheder, markedsføringslovgivningen og eventuelle aftalte fortrolighedsklausuler.

10.4. Efter fratrædelsen påsættes autosvar på den fratrådte medarbejders mail om, at medarbejderen er fratrådt. Mails videresendes i op til 1 år efter fratrædelsen til anden kollega for bedst mulig servicering af virksomhedens kunder.

10.5. IT-udstyr eller andet udstyr, som medarbejderen har haft til rådighed, kan ikke købes af medarbejderen.

* * *",https://app.clickup.com/20450769/v/dc/kg3eh-1581/kg3eh-250825,"{""value"":""emoji::🦺""}"
kg3eh-258665,Hvem er Searchmind,kg3eh-10785,Det essentielle,1,Det essentielle / Hvem er Searchmind,10,2022-11-24T14:54:51.335Z,2025-10-07T09:57:37.212Z,762,"Searchmind blev grundlagt af Anders Bjerre og Brian Ahle i 2016 med det formål at udfordre branchen. Vi ønskede at skabe et sted med plads til at udfordre og udvikle, ikke kun vores kunder, men også os selv. I dag er vi et stærkt fællesskab, der tager ejerskab og udfordrer det eksisterende. Vi lægger vægt på at udvikle os selv for at udvikle vores kunder. Vi løser udfordringer sammen, fordi vi ved, at vi sammen kan nå mere. 

Selvom vi er vokset fra kun at være to stiftende partnere til nu at være et performance marketing bureau med næsten 60 medarbejdere, bevarer vi stadig vores udfordrer-mentalitet og betragter det som vores vision at være det foretrukne digitale performance marketing bureau for både kunder og medarbejdere.

**Vores dygtige medarbejdere beskæftiger sig med:**
*   SEO 
*   PPC
*   Paid Social 
*   E-mail Marketing 
*   Content Marketing 
*   Creative 
*   Video & fotoproduktion
*   Projektledelse
*   Salg

**Vores vision:** Vi vil være en essentiel og værdifuld samarbejdspartner for virksomheder, der ønsker at realisere deres digitale forretningspotentiale.

**Vores mission:** Vi hjælper virksomheder med at opnå deres fulde digitale potentiale ved hjælp af digital marketing, baseret på data, teknologi og forretningsforståelse

**Vores værdier:** Ansvarlighed, tillid, udvikling

**Ansvarlighed:**
Vi gør det, vi siger – og tager ejerskab for det
Ansvarlighed betyder, at vi forpligter os til vores arbejde og de resultater, vi lover. Vi tager ejerskab for vores opgaver, følger dem til dørs og sikrer, at vi leverer værdi – både internt og eksternt. Fx betyder det at der ikke må være røde opgaver i Click Up

Vi tager initiativ – ikke bare imod opgaver
At være ansvarlig handler ikke kun om at løse det, vi får at vide. Vi er proaktive, udfordrer status quo og søger aktivt løsninger, der skaber bedre resultater for vores kunder og Searchmind.
Fx betyder det at vi ringer til kunderne før de ringer til os, at vi siger hvis vi kan se forbedringer også på kanaler vi ikke er tilknyttet på.

Vi lærer af vores fejl – og deler dem åbent
Ansvarlighed handler ikke om at være fejlfri, men om at tage ansvar for læring og udvikling. Vi er transparente om fejl og ser dem som en mulighed for at blive bedre – både individuelt og som team. Fx betyder det at vi klapper i hænderne, hvis der dukker gode refleksioner op i Slack.

**Tillid:**
Gennemsigtighed og ærlig kommunikation
Vi tror på, at ærlighed skaber stærke relationer – både internt og med kunder. Vi siger, hvad vi gør, og vi gør, hvad vi siger. Vi er åbne om udfordringer, så vi sammen kan finde de bedste løsninger.
Kræver det en uddybning?

Proaktivitet og forpligtelse
Tillid bygges gennem handling. Vi tager ansvar for vores rådgivning og sikrer, at vi leverer det, vi lover – hver gang. Når vi ser muligheder eller risici, deler vi dem hurtigt, så vi altid er et skridt foran.
Det betyder at hvis I har lovet kunden A så leverer vi A og hvis vi kan se det kan blive A+ eller desværre B, så ringer vi til kunden asap og deler det. 

Kundesamarbejde baseret på partnerskab
Vi ser ikke vores kunder som købere af en service, men som samarbejdspartnere. Vi arbejder for deres succes med samme dedikation, som vi gør for vores egen. Derfor udfordrer vi dem også, når det er nødvendigt – fordi vi vil dem det bedste på lang sigt.
Det betyder at jo mere vi giver af os selv og investere i samarbejdet jo mere får vi igen. Vi tør sige at XXX er en bedre løsning end YYY, hvis vi kan se det kan skabe mere værdi på den lange bange.

**Udvikling:**
Kontinuerlig læring og eksperimentering
Digital marketing ændrer sig konstant – vi udvikler os hele tiden for at være et skridt foran. Vi tester nye strategier, lærer af vores resultater og deler vores viden åbent.
Eks. Share of Search, vores Data feed tool, dashboard, P&L, CS bi-weekly sparring.

Personlig og faglig vækst
I er det absolut vigtigste i Searchmind, og vi investerer i jeres udvikling. Derfor har vi oprettet et helt nyt forretningsområde i takt med at Damgaard er på vej retur, så vi har endnu mere fokus på jer og jeres trivsel. Glade medarbejdere = Glade kunder <3

Innovation, der skaber reel værdi
Udvikling handler ikke om at jagte trends for trends’ skyld, men om at finde løsninger, der gør en forskel. Vi kombinerer Performance Marketing med Tech & Data, Forretningsforståelse for at skabe målbare resultater for vores kunder.
Det. Skal. Kunne. Svarre. Sig. som man siger i Ringkøbing

* * *",https://app.clickup.com/20450769/v/dc/kg3eh-1581/kg3eh-258665,"{""color"":""#27AE60"",""value"":""icon:fas:user-friends""}"
kg3eh-258685,En del af fællesskabet,kg3eh-10785,Det essentielle,1,Det essentielle / En del af fællesskabet,11,2022-11-24T14:55:50.228Z,2025-10-07T09:10:28.916Z,633,"I Searchmind værner vi om vores fællesskab. Vi elsker de daglige snakke og sparring som opstår ved kaffemaskinen, over frokosten eller på en gåtur rundt i vores elskede Latinerkvarter.

Vores faste events ligger på faste datoer, for at gøre det let for alle at sætte kryds i kalenderen og sikre, at vi får så mange med som muligt til vores sociale- og faglige events samt forsat styrke vores fællesskab, motivation, performance og samarbejde på tværs af afdelingerne.

## Årlige events i Searchmind

**Searchmind Sunny Social**
_Dato: Altid 2. fredag i juni_

Vi fejrer første halvår med både faglighed, fællesskab og fest!

Vi kickstarter Sunny Social allerede om dagen, hvor vi har fokus på team-/fagligudviklimg.
Det kan være teambuilding, workshops eller noget helt tredje, der styrker vores samarbejde og vores faglighed.

Når solen står lavere, skruer vi op for hyggen – god mad, kolde drikke og en fest, der bringer os endnu tættere sammen.

En dag fyldt med læring, sjov og sommerstemning.

**Searchmind Jingle Mingle**
_Dato: Altid 2. fredag i december_

Vi afslutter året med stil og tradition – og selvfølgelig med et brag af en julefrokost!

Searchmind Jingle Mingle er aftenen, hvor vi samles for at fejre året, der gik, og se frem mod det nye.

Vi ser tilbage på vores fælles milepæle, vores hårde arbejde og hædrer hinanden med kåringer og nyder en aften fyldt med god mad, højt humør og fest.

Vi skruer helt op for stemningen og fejrer alt det, vi har opnået sammen.

**Searchmind Family Jingle**
_Dato: Sidste dag op til juleferien_

Vi åbner dørene og inviterer familie og venner indenfor til en hyggelig eftermiddag med ægte julestemning og samvær på kontoret.

Vi tilbringer mange timer sammen i løbet af året, og dette er en oplagt mulighed for at lære hinanden endnu bedre at kende, møde hinandens familier og dele en bid af vores hverdag.

En hyggelig eftermiddag med varme og kolde drikke, masser af snacks og legestationer til børnene, hvor vi efter sender hinanden på fortjent juleferie.

Medbring den/dem I har lyst til - af venner og familie.

**Searchmind Social Friday**
_Dato: Kvartalsvis_

Social Friday er vores kvartalsvise event, hvor vi samles til en udvidet fredagsbar.

Hver afdeling arrangerer på skift – alt fra temaer og quizzer til konkurrencer og måske nogle overraskelser.

**Searchmind Town Hall**
_Dato: Kvartalsvis_

Til Town Hall vil alle få indsigt i, hvordan det går i virksomheden – herunder bl.a. økonomi, vores mål, opdateringer og nye initiativer.

**Searchmind Insights**
_Dato: Én gang i måneden, 45 min._

Hver måned afholder vi Searchmind Insights, som foregår via Google Meet med mulighed for on-demand visning.

Her deler vi ny viden, praktisk læring og konkrete eksempler på, hvordan vi kan anvende denne viden i vores daglige arbejde – både i rådgivning til kunder og i vores specialiserede roller.

## Initiativer for alle
_Hos Searchmind vil vi gerne støtte økonomisk op om de gode initiativer i Searchmind-regi, der styrker fællesskabet._

_Hvis du har en idé til et initiativ, er du velkommen til at tage en snak med Damgaard for at afklare, om det passer ind i vores kultur, og om det er noget, vi kan støtte økonomisk_

Se herunder:

**Initiavier for alle: Searchmind Wine Club**
Dato: Kvartalsvis

Et fantastisk initiativ med fokus på vin og læring. Vi samles for at smage på vin inden for forskellige temaer, samtidig med at vi får oplæg, deltager i konkurrencer mm.

Wine Club arrangeres på skift og giver en hyggelig og lærerig oplevelse, hvor vi både udforsker nye smagsoplevelser og styrker fællesskabet.

**Initiativer for alle: Searchmind Sporting Club**
Igennem årene har vi fået opbygget Searchmind Sporting Club, selvfølgelig med tilhørende sportstøj og merchandise.

Her kan bl.a. nævnes:
*   5 km løb - hver torsdag - for alle og tilpasset alles tempo
*   DHL
*   Firmafodbold
*   Padel, badminton, cykelklubben mm

* * *",https://app.clickup.com/20450769/v/dc/kg3eh-1581/kg3eh-258685,"{""value"":""icon:fas:users""}"
kg3eh-258705,Når du starter i Searchmind,kg3eh-10785,Det essentielle,1,Det essentielle / Når du starter i Searchmind,12,2022-11-24T14:56:03.250Z,2024-01-05T09:42:22.638Z,148,"Som en del af din onboarding får du et skræddersyet introprogram, så du kan komme bedst muligt fra start og hurtigt bliver bekendt med virksomheden, dine kolleger og opgaver. Programmet inkluderer bl.a. en velkomst med nærmeste kolleger, rundvisning og introduktion til virksomheden, vores værdier og produkter.

Din nærmeste leder eller en anden kollega sørger for at hjælpe dig godt i gang med dine arbejdsopgaver, og sammen gør vi løbende status på, hvordan det går med din opstart, og om der er noget, du har brug for.

På din første dag står en PC (typisk bærbar), en arbejdstelefon hvis du har behov for det og et par støjreducerende høretelefoner klar til dig. Har du brug for et særligt tastatur, mus, stol el. lign., kan du kontakte din nærmeste leder.

Fuldtidsmedarbejdere får udleveret en nøgle og alarmbrik til kontoret. Øvrige medarbejdere får udleveret en adgangskode til indgangen.

* * *",https://app.clickup.com/20450769/v/dc/kg3eh-1581/kg3eh-258705,"{""value"":""emoji::🆕""}"
kg3eh-258725,Din udvikling,kg3eh-10785,Det essentielle,1,Det essentielle / Din udvikling,13,2022-11-24T14:57:53.812Z,2023-04-13T08:30:44.163Z,376,"Som en del af Searchmind har du rig mulighed for at rykke dig. Vi vægter din udvikling højt, og med din Graphic Gameplan har du selv mulighed for at præge din karrierevej internt i Searchmind.

Vi har flere specialister og seniorspecialister, som tidligere har været praktikanter og studentermedhjælpere - og seniorprofiler, som også har avanceret internt. Løbende har du ligeledes rig mulighed for at deltage i konferencer, seminarer eller kurser med henblik på at udvikle dine kompetencer, når du er medarbejder i Searchmind. Godkendelse af eventuelle kurser sker igennem din nærmeste leder.

**Udviklingsværktøjer:** _HBDI, High Performance Teams og Graphic Gameplan_

Vi arbejder i kundecentrerede teams på tværs af afdelinger med det formål at opnå mål og resultater sammen ved at bruge hinandens både faglige og personlige kompetencer. 

Det gør vi bl.a. ud fra begrebet _”Whole Brain Thinking”_, hvor du får forståelse for din egen og dine kollegers profilanalyser (en analyse af din tankestil, kaldet HBDI, taget af alle medarbejdere). Det giver en brugbar indsigt i hinandens måder at tænke og kommunikere på.

Ved at udnytte vores forskellige kompetencer og måder at tænke på, tror vi på, at vi skaber High Performance sammen og for vores kunder. Det er derfor, vi kalder dette ""High Performance Teams"".

Du kan læse mere om HBDI her:

[HBDI introduktion.pdf](https://t20450769.p.clickup-attachments.com/t20450769/38451b6c-da48-4110-b2c5-b10e984f1909/HBDI%20introduktion.pdf)

**Udviklingsplan - Graphic Game Plan**

I din Graphic Game Plan (GGP) definerer du sammen med din leder hvilke områder, du gerne vil arbejde med hos dig selv. Det kan være både på det faglige og det personlige plan med et endeligt mål om, hvad du ønsker at opnå, sammenholdt med en handlingsplan for, hvordan det lykkes.

Formålet er at give dig mulighed for at udvikle dig på områder, du ønsker at fokusere på og være med til at forme, hvilken retning din karrierevej skal gå i. Hver anden måned vil du sammen med din nærmeste leder sammen se på denne gameplan, hvor din leder agerer sparringspartner i forhold til at nå det endelige mål. 

Dette er både med til at skabe et stærkt bånd mellem dig og din leder, samt at sikre, at du hele tiden udvikler dig i en retning, som du synes er spændende og motiverende.

Du finder en template til GPP'en her:

[Graphic gameplan 2021.pptx](https://t20450769.p.clickup-attachments.com/t20450769/710ff99c-457d-4f3b-83d8-05e36abc292f/Graphic%20gameplan%202021.pptx)

![](https://t20450769.p.clickup-attachments.com/t20450769/54cbb636-0241-4cc7-9c26-ab3525e13665/GGP%20m%20hj%C3%A6lpetekst.png)

* * *",https://app.clickup.com/20450769/v/dc/kg3eh-1581/kg3eh-258725,"{""value"":""emoji::🪴""}"
kg3eh-258745,Alt det andet,kg3eh-10785,Det essentielle,1,Det essentielle / Alt det andet,14,2022-11-24T15:08:53.495Z,2026-02-24T09:56:24.748Z,597,"**Frokost og forplejning på kontoret**
Som medarbejder i Searchmind er du en del af vores frokostordning. Searchmind giver et tilskud til din frokost - resten (pt. 500 kr. pr. måned) er egenbetaling, som automatisk bliver trukket fra din løn.

Frokostordningen kan tilpasses dine personlige behov, om du er vegetar, veganer, er glutenallergiker eller noget helt fjerde. Vi forsøger hele tiden at holde os på tæerne, så er frokostordningen blevet træls over en længere periode, så skifter vi gerne leverandør. 

Udover frokostordningen har du dagligt fri adgang til frugt, te, nødder og lidt sødt, til når trangen melder sig. Vigtigst af alt, for nogle i al fald: en altid velfungerende kaffemaskine, med dén kaffevariant du foretrækker. 

Har du brug for et skud flydende sukker i løbet af dagen, kan du købe en sodavand i køleskabet. Dit bidrag dækker indkøb og resterne går direkte til festudvalget som løbende arrangerer udvidede fredagsbarer.

Om fredagen drikker vi en - og nogle gange flere fredagsøl sammen - hvor vi vender ugens projekter og ønsker hinanden god weekend. Dé er på huset.

**Kontorhund**
Der er ikke noget, der kan udløse endorfiner, som en sød hund, der logrer med halen. I Searchmind er vi store dyreelskere, og flere af os har hunde i alskens racer, størrelser og alle med hver deres elskværdige personlighed. Du er velkommen til lejlighedsvist at tage din hund med på kontoret, men aftal det altid på forhånd med din nærmeste leder. Det respekteres naturligvis, hvis du er allergisk overfor hunde.

**SoMe adfærd**
Hvis det er relateret til Searchmind er medarbejdere velkomne til at bruge sociale medier og netværk i arbejdstiden. Du må gerne referere til arbejdspladsen på sociale medier så længe du ikke deler fortrolige oplysninger om Searchmind eller vores kunder.

**Trivsel**
Udover den løbende dialog mellem medarbejder og leder, tager vi med jævne mellemrum temperaturen på medarbejdernes trivsel, motivation og engagement, bl.a. igennem trivselsmålinger.

**Searchmind giver et bidrag til store øjeblikke i dit liv**
Vi er hele mennesker og ikke bare vores arbejde. Når du skal giftes eller bliver forælder giver Searchmind en gave. Det samme gælder jubilæer i Searchmind ved f.eks. 5 og 10 år. Gaven som Searchmind giver, kan udvides med en intern MobilePay indsamling kolleger imellem.

**Vi tager afstand fra**
Vi tolererer ingen former for stødende adfærd, racistiske bemærkninger, mobning o. lign. Overtræder du dette, kan det have konsekvenser for dit ansættelsesforhold i Searchmind.

**Ændringer i adresse, navne eller bankforhold**
Hvis du ændrer adresse, navn, bankforhold eller kontaktperson ved nødstilfælde, skal du huske at opdatere dine stamoplysninger i vores lønsystem, Zenegy.

**Fremvisning af straffeattest**
Har du adgang til fortrolige data (økonomisystemer eller bankdata) vil du blive bedt om at fremvise en ren straffeattest.

**Vi behandler vores kunder (og hinanden) med respekt og professionalisme**
Som hos alle andre digitale bureauer har du tavshedspligt, som både omfatter interne og eksterne forhold - og det betyder også, at der ikke publiceres kunderelaterede emner på sociale medier uden accept.

**Marketing og pressehenvendelser**
Al presse-/kommunikations-/marketinghenvendelse går igennem Searchminds marketingafdeling. Får du en henvendelse vedr. udtalelser på vegne af Searchmind skal disse altid afstemmes med marketing. Tag kontakt til Nicolai Damgaard hvis du har spørgsmål.

**Skærmbriller**
Hvis dit job indebærer regelmæssigt computerarbejde, kan du få gennemført en synsprøve betalt af Searchmind. Hvis undersøgelsen foretaget af en optiker eller en øjenlæge viser, at det er nødvendigt at anvende skærmbriller, og dine egne briller eller kontaktlinser ikke kan bruges, betaler Searchmind for et standardstel samt de glas, der passer til din styrke - dog op til maks 1.200kr i alt. Tag fat i nærmeste leder, hvis det er relevant for dig.

* * *",https://app.clickup.com/20450769/v/dc/kg3eh-1581/kg3eh-258745,"{""value"":""icon:fas:certificate""}"
kg3eh-888432,Gavereglement,kg3eh-10785,Det essentielle,1,Det essentielle / Gavereglement,15,2024-06-27T08:45:27.437Z,2025-02-06T09:22:12.701Z,519,"[GAVEREGLEMENT - Searchmind.pdf](https://t20450769.p.clickup-attachments.com/t20450769/5c2ee7aa-f922-482b-a6be-3240b01833fe/GAVEREGLEMENT%20-%20Searchmind.pdf)

Første arbejdsdag
_Budget = 350kr_
*   Praktisk: Velkomstarrangement i afdelingen ""kaffe og croissanter"". Kontorpladsen skal være klar til første dag med div. Searchmind-merchandise, relevant udstyr samt et velkomstkort sammen med gave.
*   Ansvarlig: Nærmeste leder

Almindelig fødselsdag
_Budget = ingen gave_
*   Praktisk: Flag/fødselsdagspynt ved kontorpladsen. Medarbejderen kan for eget initiativ og for egen regning invitere egen afdeling til morgenmad, kage el. lign.
*   Ansvarlig: Nærmester leder

Rundefødselsdage
_Budget = 500kr_
*   Praktisk: Morgenmad i afdelingen
*   Ansvarlig: Nærmeste leder

Jubilæum (hvert 5. år)
_Budget =_
_5 år: 5.000 kr._
_10 år: 10.000 kr._
_15 år: 15.000 kr._
_20 år: 20.000 kr._
_25 år: 25.000 kr_
*   Praktisk: Fælles fredagsbar med gaveoverrækkelse og tale fra nærmeste leder. Hertil champagne og personliggjort gave og pynt (koordinere med piccoline/lo). Medarbejderen vælger selv sin gave, og kan enten indsende egen udlæg i Zenegy (vil blive udbetalt på næste lønseddel og beløbet vil ikke blive trukket i skat) eller Searchmind kan købe den for ham/hende.
*   Ansvarlig: Nærmeste leder

Fastansættelse af studiemedarbejdere/ praktikanter
_Budget = 350kr_
*   Praktisk: Kontorpladsen skal være klar til første dag med div. Searchmind-merchandise samt et velkomstkort sammen med gave.
*   Ansvarlig: Nærmeste leder / praktikansvarlig

Elever - udlært
_Budget = 350kr._
*   Praktisk: Sammenkomst med afdelingen - fx fælles morgenmad, kage el.lign.
*   Ansvarlig: Nærmeste leder / elevansvarlig

Bryllup
_Budget = 1.500kr_
*   Ansvarlig: Nærmeste leder

Kobber-, Sølv-, Guldbryllup
_Budget = 500kr_
*   Ansvarlig: Nærmeste leder

Når man tager på barselsorlov (både mandlige og kvindelige medarbejdere)
_Budget = 350kr._
*   Praktisk: Sammenkomst med afdelingen - fx fælles morgenmad, kage el.lign. (afdelingsleder). Man kan også vælge at give gaven inden da. Op til ansvarlige.
*   Ansvarlig: Nærmeste leder

Når man bliver forældre
_Budget = Forældre/barnbuket til kr. 350 (ekskl. levering) - Brug Flowr og SM10 rabatkode_
*   Praktisk: Buketten sendes direkte til adressen. Skal sendes, når de er hjemme fra sygehuset.
*   Ansvarlig: Damgaard / nærmeste leder.

Sygdom (fx indlæggelse og lign.)
_Budget = Buket til kr. 350 (ekskl. levering)_
*   Praktisk: Leder **vurderer**, hvornår der skal sendes en buket.
*   Ansvarlig: Damgaard / nærmeste leder.
_OBS. Ved længere sygemelding skal der også sendes en blomst/hilsen til Medarbejderen, når der er aftalt opstart igen, så han/hun mærker opbakning og støtte._

Medarbejder stopper
_Budget = 350kr._
*   Praktisk: Sammenkomst med afdelingen - fx fælles morgenmad, kage el.lign.
*   Ansvarlig: Nærmeste leder

Generelt:
_Afdelingsleder er gavekoordinator for egen afdeling og står derfor for indkøb af gave ved ovenstående lejligheder._

_Det er selvfølgelig tilladt at uddelegere opgaven, bl.a. til vores Piccoline/lo._

_Hvis kollegerne i afdelingen ønsker at indsamle et beløb som supplement til nedenstående, er afdelingsleder desuden tovholder på indsamlingen._

_Alle ledere har adgang til en fødselsdags- og jubilæumsliste, hvor der også automatisk vil blive genereret en opgave til lederen i god tid inden da._

_Vigtigt: Udgør gaven, der købes for Searchminds gavebidrag, enten kontanter eller et gavekort, er det vigtigt, at Ledelsen informeres herom med angivelse af beløb, idet gaven i så fald skal beskattes (gælder dog ikke ved privat gaveindsamling blandt kolleger)._

_Har man spørgsmål til ovenstående eller generelt brug for hjælp, så tag fat i Damgaard._",https://app.clickup.com/20450769/v/dc/kg3eh-1581/kg3eh-888432,"{""value"":""emoji::🎁""}"
kg3eh-247645,Det praktiske,,,0,Det praktiske,2,2022-11-08T13:59:16.608Z,2025-10-20T07:36:12.210Z,0,,https://app.clickup.com/20450769/v/dc/kg3eh-1581/kg3eh-247645,"{""color"":""#27AE60"",""value"":""icon:fas:info-circle""}"
kg3eh-1022832,NPS,kg3eh-247645,Det praktiske,1,Det praktiske / NPS,0,2025-12-03T10:44:11.674Z,2025-12-03T10:47:10.046Z,264,"Det er vigtigt, at I sørger for at agere på den feedback I får fra kunder (og teams) forholdsvis hurtigt.
Så vidt muligt bør vi række ud til vores kunder inden for 24 timer - uagtet score. Der er forskellige tilgange afhængig af score, som I bør have in mente:

🔴 **Score 1-6: Opkald til kunden fra CL (Samme dag, ellers senest inden for 24 timer)**
*   Forstå årsagen og lav en plan, som kan sikre forbedringer.
    *   Anvend åbne, løsningsorienterede spørgsmål: _Hvad kan vi gøre anderledes/bedre?_
    *   _Hvad er den største udfordring pt?_
    *   _Hvad kan vi gøre for at genopbygge tilliden?_

Sørg også for at fange teamet og briefe alle om situationen.
🟡 **Score 7-8: Opkald/Mail fra CL (Samme dag, ellers senest inden for 24 timer)**
*   Værdsæt kundens feedback - og samarbejde.
*   Udvis interesse i muligheden for at kunne forbedre samarbejdet.
*   Foreslå datoer til et møde, hvor hvor tiltag kan præsenteres.
*   Vurder om der er grundlag for MoreBizz, som vil forbedre samarbejdet og performance.

🟢 **Score 9-10: Opkald/Mail fra CL (Ideelt set inden for 24-48 timer)**
*   Værdsæt kundens feedback - og samarbejde.
*   Vurder om der er potentiale for MoreBizz eller henvisninger til andre, som vi bør hjælpe.
*   Vurder om kunden vil have interesse I at give feedback via Trustpilot eller Google også.

Generelt skal vi sikre, at vi altid aktivt er på disse svar. Vi beder kunderne om feedback - og får det (fra nogle, i hvert fald). Derfor er det vores ansvar at sikre, at vi også vender retur på den feedback vi modtager.",https://app.clickup.com/20450769/v/dc/kg3eh-1581/kg3eh-1022832,"{""value"":""emoji::➡️""}"
kg3eh-247705,Zenegy (lønsystem),kg3eh-247645,Det praktiske,1,Det praktiske / Zenegy (lønsystem),1,2022-11-08T14:04:57.929Z,2023-01-02T11:06:48.324Z,862,"I Zenegy app'en kan du følge med i følgende:

*   **Lønseddel** \- her kan du finde alle dine lønsedler (sendes også til E-boks)
*   **Min feriesaldo** - her finder du al information om din ferie - hvor meget du har brugt, hvad du har tilbage, osv. Husk altid at registrere din ferie i Zenegy inden afholdelse (se nedenfor).
*   **Timeregistrering** \- Denne er ikke aktuel pt. (omhandler registrering af timer til timelønnede medarbejdere, som vi indtil videre kører på nuværende måde med registrering i afdelingerne)
*   **Kørsel** \- her kan du registrere kørsel, hvis du har brugt egen bil til kundebesøg m.m.

Det bliver herefter sendt til godkendelse (og bliver udbetalt ved næste lønseddel)

*   **Ferie og fravær** \- her registrerer du ferie, sygdom og andre fraværstyper herinde. Husk at aftale ferien med leder inden, du registrerer den. Husk også at give besked til nærmeste leder, hvis du er syg eller af fraværende af andre årsager.
*   **Tillæg og fradrag** - Denne er ikke aktuel pt.
*   **Udlæg** \-  Har du haft et betalingsudlæg, så kan du registrere det inde i app'en. Det kræver en kvittering og en lille note. Den bliver herefter sendt til godkendelse (og kommer med på næste lønseddel)
*   **Min profil** - her kan du se alle dine stamoplysninger.

**Det er** **vigtigt****, at du husker at opdatere din profil, hvis du skifter adresse, bankoplysninger, e-mail, telefonnummer, el. lign.**

Du finder link til downlad af Zenegy app'en og en guide til de forskellige funktioner her:

[Velkommen\_til\_Zenegy.pdf](https://t20450769.p.clickup-attachments.com/t20450769/86200eb2-9a1b-4239-9cfb-285c3a287c58/Velkommen_til_Zenegy.pdf)

* * *

# Forstå din lønseddel

Der er mange begreber på en lønseddel og det kan være svært at gennemskue, hvad det hele faktisk betyder.

Her kommer en trin-for-trin forklaring til, hvordan du læser din lønseddel. Husk også at din lønseddel er interaktiv i Zenegys medarbejderapp, hvor du kan trykke på begreber og læse en kort forklaring.

### Generelt til lønsedlen:
Markeret med en rød ring kan du på denne lønseddel se to begreber; **Perioden og År til dato.** Når der står Perioden menes der perioden siden din sidste lønseddel. Her er der altså tale om hvilke bevægelser, der har været, siden din sidste lønkørsel. En bevægelse kan f.eks. være hvis du har holdt ferie. Når der står år til dato menes der den samlede saldo for år til dato (for det aktuelle ferieår).

![](https://t20450769.p.clickup-attachments.com/t20450769/2f8eb0d6-c25c-4d1f-84ee-c4b9a7cb3494/image.png)

1. Her kan du se hvor mange timer du har arbejdet i denne måned (her: 160,33 timer) og hvad du får i løn (her 40.000 kr.)

2. ATP er forkortelsen for Arbejdsmarkedets Tillægspension. ATP er en lovpligtig pensionsopsparing og er et ekstra tillæg til folkepensionen. For fuldtidsansatte gælder det at Arbejdsgiveren betaler ⅔ af ATP bidraget og lønmodtageren betaler ⅓ af det samlede beløb hver måned

3. Her kan du se AM-pension Eget bidrag. Dette er et fast beløb.

4. Her kan du se hvilket pensionsselskab du indbetaler til og hvor meget.

5. Her kan du se beløbet, som dit AM bidrag beregnes ud fra.

6. AM bidrag står for arbejdsmarkedsbidrag. Det er en skat på 8 procent, som fratrækkes din løn. Det er dig som medarbejder, der betaler dette og det er lovpligtigt.

7. Her kan du se dit personlige skattefradrag pr. måned, din skatteprocent og til sidst hvor meget du betaler i skat.

8. Her kan du se dine godkendte tillæg og fradrag siden sidste lønkørsel. Her finder du eksempelvis: Tilbagebetaling af udlæg eller trækning for personaleforening og frokostordning.

9. Her kan du se hvor mange feriedage du har tjent, i det aktuelle ferieår. Det aktuelle ferieår startede den 1. september 2021. Perioden viser opsparingen siden sidste lønkørsel og år til dato viser den samlede opsparing for året.

10. Her vises hvor mange dages ferie du har afholdt, i det aktuelle ferieår. Perioden viser hvor mange dages ferie du har holdt siden sidste lønkørsel, og år til dato viser hvor mange dages ferie du har holdt for året.

11. Her kan du se hvor mange feriedage du har optjent i sidste ferieår. Sidste ferieårs opsparingsperiode går fra den 1. september 2020 til den 31. august 2021.

12. Her vises hvor mange feriedage du holdte i det sidste ferieår. Linjen vises kun, hvis du har brugt ferie fra sidste ferieår, siden sidste lønkørsel.

13. Her kan du se hvor mange dages ferie du har registeret som “ferie egenbetaling. Ferie egenbetaling, er den ferie som virksomheden ikke betaler. Dette er hvis du enten har holdt flere dage end du havde til rådighed, eller hvis du vælger at bruge ferie opsparet hos en tidligere arbejdsgiver.

14. Her kan du se hvor meget ferietillæg du har optjent i det aktuelle ferieår. Perioden viser opsparingen i denne lønkørsel og år til dato viser den samlede opsparing for året.

15. Her kan du se hvor mange feriedage du skal bruge, inden den 31. december 2021. Her er tale om feriedage du optjente i det gamle ferieår (fra den 1. september 2020 til den 31. august 2021). Husk at du kun har mulighed for at overføre 5 feriedage, men at dette skal ske efter aftale med din arbejdsgiver.

16. Her kan du se hvor mange feriedage du har til gode i det aktuelle ferieår (fra den 1. september 2021).

* * *",https://app.clickup.com/20450769/v/dc/kg3eh-1581/kg3eh-247705,"{""value"":""emoji::➡️""}"
kg3eh-247745,Mødelokaler,kg3eh-247645,Det praktiske,1,Det praktiske / Mødelokaler,2,2022-11-08T14:08:08.893Z,2025-11-07T10:11:59.693Z,257,"• **Lokalerne skal altid bookes**
\- enten via kalenderen eller direkte på skærmen (sidstnævnte er kun muligt, hvis mødelokalet er frit)

• Husk **""Check in"",** når mødet startes:
Der kommer en Check in knap frem på skærmen, når starttidspunktet nærmer sig og mødelokalet er frit. Tryk på denne, når du tager mødelokalet i brug.
Hvis der ikke bliver checket ind, bliver mødelokalet frit igen 15 minutter efter starttidspunkt – og kan dermed bookes af en anden.

• **Afslut mødet på skærmen**, hvis mødet stopper før planlagt (på den måde frigives lokalet og kan bookes af andre)

• **OBS**: Mødelokale 3.4 er forbeholdt møder til videokonference (da det er eneste lokale med konferenceudstyret)

* * *

Skal man holde et online ""konferencemøde"" (dvs. der er min. to deltagere fra vores side)
kan man bruge vores konferencesystem, der er installeret i mødelokale 2.4 (Hvis der kun er en enkelt deltager fra vores side, anvendes i stedet Microsoft Teams på egen PC).

**Sådan bruger du konferencesystemet:**

**Opret en mødeindkaldelse i din arbejdskalender:**
1. Book mødelokale 2.4 (vigtigt)
2. Tilføj de ønskede gæster
3. Vælg ”Microsoft Teams-meeting”:
![](https://t20450769.p.clickup-attachments.com/t20450769/6b10b549-672d-4018-abdd-ea054eb736bc/image.png)

**For at starte mødet:**
1. Tænd TV’et i mødelokalet (2.4)
2. Åbn mødet via din kalender på din PC og vælg ”Deltag i Microsoft Teams Meeting”

![](https://t20450769.p.clickup-attachments.com/t20450769/1eff203d-7637-4604-ad73-d1a32c8a0eb2/image.png)

3. Log ind hvis nødvendigt – lad kameraet være slukket
4. Vælg ”room audio” ➝ Mødelokale 2.4 ➝ klik herefter på ”Join now”
5. Acceptér opkaldet via konferencesystemet på væggen
6. Du kan nu lukke din PC og deltage i mødet via konferencesystemet

* * *",https://app.clickup.com/20450769/v/dc/kg3eh-1581/kg3eh-247745,"{""value"":""emoji::➡️""}"
kg3eh-247765,Parkering,kg3eh-247645,Det praktiske,1,Det praktiske / Parkering,3,2022-11-08T14:13:24.349Z,2025-11-11T10:33:51.443Z,104,"I baggården (Klosterport 4/Klostergade 32-34) har Searchmind pr. 1. august én p-plads til rådighed, som er forbeholdt kunder, samarbejdspartnere, medarbejdere der skal ud på kundebesøg og retur, o. lign.

Ønsker man at reservere pladsen, kan man gøre dette direkte i kalenderen
*   Nummerplade
*   Dato, inkl. tidspunkt/varighed

Fremgangsmåde:
1. Opret Google Kalender begivenhed
2. Vælg dato og tidspunkt
3. Vælg ""Gæsteparkering"" under lokaler (Samme sted som, når man booker mødelokale)
4. Indtast nummerplade i beskrivelsen
5. ![](https://t20450769.p.clickup-attachments.com/t20450769/18b1eca6-1d77-4aac-939d-5e305ac2014d/image.png)

Efter begivenheden er oprettet, vil i modtage en kvittering for oprettelse fra Q-Park. Denne parkeringstilladelse udløber midnat samme dag.

Find vej til baggården:
![](https://t20450769.p.clickup-attachments.com/t20450769/2f1be440-4378-4819-8df8-50604035c8e6/Parkering%20Searchmind.png)

* * *",https://app.clickup.com/20450769/v/dc/kg3eh-1581/kg3eh-247765,"{""value"":""emoji::➡️""}"
kg3eh-247785,Lukkerutine,kg3eh-247645,Det praktiske,1,Det praktiske / Lukkerutine,4,2022-11-08T14:14:18.024Z,2022-11-29T07:47:19.965Z,73,"Fuldtidsmedarbejdere får udleveret udleveret en adgangsnøgle og alarmbrik til kontoret. Øvrige medarbejdere får udleveret en adgangskode til indgangen.

Er man den sidste, der forlader kontoret, har man ansvaret for at:
  1. Lukke alle vinduer i alle rum (husk begge etager)

  2. Slukke lyset i alle rum (husk begge etager)

  3. Låse døren mod trappeopgang (husk begge etager)

  4. Låse døren mod elevatoren

  5\. **Til sidst skal alarmen aktiveres med nøglebrik**

* * *",https://app.clickup.com/20450769/v/dc/kg3eh-1581/kg3eh-247785,"{""value"":""emoji::➡️""}"
kg3eh-247805,Skabeloner til autosvar,kg3eh-247645,Det praktiske,1,Det praktiske / Skabeloner til autosvar,5,2022-11-08T14:32:39.074Z,2023-08-08T08:21:51.308Z,348,"Disse autosignaturskabeloner kan du bruge, når du holder ferie, fri m.m.

Tag udgangspunkt i nedenstående, men tilpas dem den givne situation.

Henvis meget gerne til 30124272 (kontortelefonen) og [info@searchmind.dk](mailto:info@searchmind.dk) - så er du sikker på, at der er en, der tager hånd om eventuelle henvendelser, mens du holder ferie/fri, er på kursus, m.m. 

**Sådan aktiverer du autosvar på Gmail:**
*   Log ind på din Gmail
*   Klik på møtrikken med ""Indstillinger"" og vælg ""Se alle indstillinger""
*   Scroll ned i bunden til indstillinger for ""Autosvar""
*   Indtast den ønskede tekst, vælg periode og tryk ""Gem ændringer""

## 1\. Ferie

Hej,

Tak for din mail. 

Jeg holder ferie og er tilbage d. XXX., hvor jeg vender retur på din mail.

Skal du i kontakt med os inden da, er du meget velkommen til at kontakte en af mine dygtige kolleger på [3012 4272](tel:30124272) eller [info@searchmind.dk](mailto:info@searchmind.dk)

Din mail bliver ikke automatisk videresendt.

Fortsat god dag 😊

## 2\. Fridag

Hej,

Tak for din mail. 

Jeg holder fri i dag. Jeg er tilbage i morgen, hvor jeg vender retur på din mail.

Skal du i kontakt med os inden da, er du meget velkommen til at kontakte en af mine dygtige kolleger på [3012 4272](tel:30124272) eller [info@searchmind.dk](mailto:info@searchmind.dk)

Din mail bliver ikke automatisk videresendt.

Fortsat god dag 😊

## 3\. Kursus el. lign.

Hej,

Tak for din mail. 

Jeg er ude af kontoret hele dagen til kursus med begrænset adgang til telefon og mail. Jeg vender retur på din mail i morgen.

Skal du i kontakt med os inden da, er du meget velkommen til at kontakte en af mine dygtige kolleger på [3012 4272](tel:30124272) eller [info@searchmind.dk](mailto:info@searchmind.dk)

Din mail bliver ikke automatisk videresendt.

Fortsat god dag 😊

## 4\. Kursus el. lign. (som gælder hele virksomheden, ex Challenger day)

Hej,

Tak for din mail. 

Jeg er ude af kontoret hele dagen til kursus med begrænset adgang til telefon og mail. Jeg vender hurtigst muligt retur på din mail.

Hvis det haster, så kan du kontakte os på [3012 4272](tel:30124272).

Din mail bliver ikke automatisk videresendt.

Fortsat god dag 😊

* * *",https://app.clickup.com/20450769/v/dc/kg3eh-1581/kg3eh-247805,"{""value"":""emoji::➡️""}"
kg3eh-258785,Mødetemplates,kg3eh-247645,Det praktiske,1,Det praktiske / Mødetemplates,6,2022-11-25T07:47:18.956Z,2022-11-29T07:48:08.394Z,139,"![](https://t20450769.p.clickup-attachments.com/t20450769/2aa5ba19-b783-4f43-bc1e-b0aa7e992ab4/De%20fire%20m%C3%B8detyper.png)

**TEMPLATE - MØDEAGENDA:**
*   Agenda: \[Emne/overskrift på mødet\]
*   Info: \[sted, dato, klokkeslæt\]
*   Arrangør: \[navn\]
*   Medbring/forbered følgende: \[info\]
*   Mødets overordnede mål:
    *   1.
    *   2.
    *   3.
*   Mødepunkter:
1. \[emne\], \[allokeret tid\], \[ansvarlig\]

Beskrivelse: \[hvad skal drøftes\]

Kobling til mål: \[hvilket mål bidrager punktet til – og hvordan\]

Type: \[præsentation/diskussion/andet\]

1. \[emne\], \[allokeret tid\], \[ansvarlig\]

Beskrivelse: \[hvad skal drøftes\]

Kobling til mål: \[hvilket mål bidrager punktet til – og hvordan\]

Type: \[præsentation/diskussion/andet\]

...

* * *

**TEMPLATE - MØDENOTER**
*   Agenda: \[Emne/overskrift på mødet\]
*   Info: \[sted, dato, klokkeslæt\]
*   Deltagere: \[navne\]
*   Fraværende: \[navne\]
*   Notetager: \[navn\]

1. \[Mødepunkt 1 - emne\]
    *   Konklusioner:
    *   Næste skridt (inkl. den/de ansvarlige):
    *   Noter:

1. \[Mødepunkt 2 - emne\]
    *   Konklusioner:
    *   Næste skridt (inkl. den/de ansvarlige):
    *   Noter:
  _…_

Øvrigt:
...

* * *",https://app.clickup.com/20450769/v/dc/kg3eh-1581/kg3eh-258785,"{""value"":""emoji::➡️""}"
kg3eh-281065,Afdelingsoversigt,kg3eh-247645,Det praktiske,1,Det praktiske / Afdelingsoversigt,7,2023-02-20T11:35:00.507Z,2024-08-14T06:33:45.663Z,1,[https://docs.google.com/presentation/d/1LNArLDNV66rf6LaVWVfUfvvYshSjNc9h2OIpuZ0KL9k/edit#slide=id.g211b607c64f\_0\_129](https://docs.google.com/presentation/d/1LNArLDNV66rf6LaVWVfUfvvYshSjNc9h2OIpuZ0KL9k/edit#slide=id.g211b607c64f_0_129),https://app.clickup.com/20450769/v/dc/kg3eh-1581/kg3eh-281065,"{""value"":""emoji::➡️""}"
kg3eh-289825,Kommunikationskanaler,kg3eh-247645,Det praktiske,1,Det praktiske / Kommunikationskanaler,8,2023-03-13T07:42:05.653Z,2024-07-31T12:35:09.330Z,7,"[Slack.pdf](https://t20450769.p.clickup-attachments.com/t20450769/5b65c7d8-391a-47f2-ba97-28e6a0e25a2f/Slack.pdf)

[Gmail.pdf](https://t20450769.p.clickup-attachments.com/t20450769/0084119f-c54f-4a73-be76-4f3258c5332a/Gmail.pdf)

[Møder.pdf](https://t20450769.p.clickup-attachments.com/t20450769/f0eb2db9-eb93-4783-a350-8837f7f830a7/M%C3%B8der.pdf)

[https://t20450769.p.clickup-attachments.com/t20450769/0c3376f6-cd62-45a7-b4ab-b291ed17a32e/Introvideo.vers1.mp4?view=open](https://t20450769.p.clickup-attachments.com/t20450769/0c3376f6-cd62-45a7-b4ab-b291ed17a32e/Introvideo.vers1.mp4?view=open)

![](https://t20450769.p.clickup-attachments.com/t20450769/8efd9600-3315-44f2-bf30-72ae98280243/Slack.jpg)

![](https://t20450769.p.clickup-attachments.com/t20450769/6aa7eed9-09df-43d9-a6dc-a50702e4ac59/Gmail.jpg)

![](https://t20450769.p.clickup-attachments.com/t20450769/b0d857d5-4a1d-4b96-952b-3ac6c9818070/M%C3%B8der.jpg)",https://app.clickup.com/20450769/v/dc/kg3eh-1581/kg3eh-289825,"{""value"":""emoji::🗣️""}"
kg3eh-322365,Lokal kundemappe,kg3eh-247645,Det praktiske,1,Det praktiske / Lokal kundemappe,9,2023-06-14T08:48:05.034Z,2023-06-15T06:20:52.730Z,76,"## Windows
![](https://t20450769.p.clickup-attachments.com/t20450769/99aa4c5f-8531-49cd-bfa3-b66d05759980/image.png)

For at tilgå den nye kundemappe direkte i jeres ""File explorer"" - når i er på kontoret - kan i bruge følgende sti: ""\\\\SM-NAS\\Kundemappe backup""

![](https://t20450769.p.clickup-attachments.com/t20450769/13ab371a-1034-402e-8cd2-c264c0b3e3d2/image.png)
![](https://t20450769.p.clickup-attachments.com/t20450769/2f172065-0b1a-43e1-b48d-151923e39f78/image.png)
Brugernavn: crawlmaster
Kode: Smind1337!

**OBS:** Husk at sætte ☑ Flueben ved ""Husk mine legitimationsoplysninger""

Tryk derefter ""OK"" og forbind til mappen.

Tryk ""Home/Hjem"" og ""Pin/Fastgør""
![](https://t20450769.p.clickup-attachments.com/t20450769/7d956ef3-753d-4a88-9383-49f7da3e81ba/image.png)

## Mac

[

mackeeper.com

https://mackeeper.com/blog/how-to-map-a-network-drive-on-a-mac/

](https://mackeeper.com/blog/how-to-map-a-network-drive-on-a-mac/)

Brug fremgangsmåden i guiden ovenfor og følgende sti:
""[smb://SM-NAS/Kundemappe](smb://SM-NAS/Kundemappe) backup""

Brugernavn: crawlmaster
Kode: Smind1337!",https://app.clickup.com/20450769/v/dc/kg3eh-1581/kg3eh-322365,"{""value"":""emoji::➡️""}"
kg3eh-258645,Vidensdeling,,,0,Vidensdeling,3,2022-11-24T10:40:20.764Z,2025-01-07T13:43:57.092Z,56,"#### **ClickUp vidensdeling 24/11-2022:**
[https://drive.google.com/file/d/13vJc9LmGgggyi4oMufqYGlCC75RjJO6q/view](https://drive.google.com/file/d/13vJc9LmGgggyi4oMufqYGlCC75RjJO6q/view)

* * *

#### **5 vigtige points til influencer marketing**
[https://www.youtube.com/watch?v=IJcu6QvKaGA](https://www.youtube.com/watch?v=IJcu6QvKaGA)

* * *

#### **Takeaways fra Social Ads Conference 2022**
[https://www.youtube.com/watch?v=S1HhakStvQY](https://www.youtube.com/watch?v=S1HhakStvQY)

* * *

#### **ClickUp Vidensdeling: Afdeling Workflows 26/01-2023**
[https://docs.google.com/presentation/d/1dS0FbqGTHBM1e-1c6UCs9fVYlW2hkpKUEh293vFME9Y/edit?usp=sharing](https://docs.google.com/presentation/d/1dS0FbqGTHBM1e-1c6UCs9fVYlW2hkpKUEh293vFME9Y/edit?usp=sharing)
Optagelse:

[https://drive.google.com/file/d/1qCbmFS5xhWeVEKkEbuKDUIAp-EcHIOjx/view?ts=63d27073](https://drive.google.com/file/d/1qCbmFS5xhWeVEKkEbuKDUIAp-EcHIOjx/view?ts=63d27073)

* * *

#### Littlestudio Visuel Identitet præsentation d. 7/12-2023

[

drive.google.com

https://drive.google.com/file/d/1hrOXa8k4uuLleI-dFs\_9\_80I9J8u7CbZ/view?usp=sharing

](https://drive.google.com/file/d/1hrOXa8k4uuLleI-dFs_9_80I9J8u7CbZ/view?usp=sharing)

* * *",https://app.clickup.com/20450769/v/dc/kg3eh-1581/kg3eh-258645,"{""value"":""emoji::🧠""}"
kg3eh-1025412,2026,kg3eh-258645,Vidensdeling,1,Vidensdeling / 2026,0,2026-01-09T10:57:37.692Z,2026-04-27T12:22:35.625Z,167,"## META: Andromeda
#### 🗣 Speakers:
[@Nanna Gøbel](#user_mention#43792065)
[@Asger Kallehauge](#user_mention#81710311)

#### 📚Præsentation:

[

docs.google.com

https://docs.google.com/presentation/d/13hf-gQ9YVJhOkb5z-ISZwTqyxbj3iv7GuHKsJvV-9Hs/edit?usp=sharing

](https://docs.google.com/presentation/d/13hf-gQ9YVJhOkb5z-ISZwTqyxbj3iv7GuHKsJvV-9Hs/edit?usp=sharing)

#### 🎥Optagelse:

[

drive.google.com

https://drive.google.com/file/d/1LkoUfB7S3swkUrfI-fWGk4bd0VUGvWrR/view?usp=sharing

](https://drive.google.com/file/d/1LkoUfB7S3swkUrfI-fWGk4bd0VUGvWrR/view?usp=sharing)

* * *

## EM: RCS, Klaviyo MCP, Shopify Markets Catalogs og e-mail summit recap 
#### 🗣 Speakers:
 [@Maria Østergaard](#user_mention#55798762)
[@Nicoline Britt Tordrup Lage](#user_mention#87633619)
#### 📚Præsentation:

[

docs.google.com

https://docs.google.com/presentation/d/166oMKBCCZcmFAaXmH1UMqQRQNU49G-UWHWhXuACF\_nQ/edit

](https://docs.google.com/presentation/d/166oMKBCCZcmFAaXmH1UMqQRQNU49G-UWHWhXuACF_nQ/edit)

#### 🎥Optagelse:

[

drive.google.com

https://drive.google.com/file/d/1aGPg5dWOgF8emkTooTW7FtmOcZFSa574/view

](https://drive.google.com/file/d/1aGPg5dWOgF8emkTooTW7FtmOcZFSa574/view)

* * *

## Meta: Incrementality & NCA
#### 🗣 Speakers:
 [@Asger Kallehauge](#user_mention#81710311)
#### 📚Præsentation:

[

docs.google.com

https://docs.google.com/presentation/d/1VgDT\_2j1VfYDX\_fBLI4JA50WhWKCCX7Zk3WQBht7CoU/edit?usp=sharing

](https://docs.google.com/presentation/d/1VgDT_2j1VfYDX_fBLI4JA50WhWKCCX7Zk3WQBht7CoU/edit?usp=sharing)

#### 🎥Optagelse:

[

drive.google.com

https://drive.google.com/file/d/1ugNX2g96yVHjNWCnrUFoELXpVtUTa-\_E/view?usp=drive\_link

](https://drive.google.com/file/d/1ugNX2g96yVHjNWCnrUFoELXpVtUTa-_E/view?usp=drive_link)

* * *

## Creative: Clever Content Conference 2026 Insights
#### 🗣 Speakers:
 [@Jonas Sandbjerg Hansen](#user_mention#43795621) & [@Linnea Harken](#user_mention#55522153)
#### 📚Præsentation:

[

docs.google.com

https://docs.google.com/presentation/d/13s0\_ujy2LzxPv-dZcwrihgeNEXf89xJRmj5df1KfvfY/edit?usp=sharing

](https://docs.google.com/presentation/d/13s0_ujy2LzxPv-dZcwrihgeNEXf89xJRmj5df1KfvfY/edit?usp=sharing)

#### 🎥Optagelse:

[

drive.google.com

https://drive.google.com/file/d/143c7usiEq8tq1dmn9MefjeXD1NEjUDQu/view?usp=sharing

](https://drive.google.com/file/d/143c7usiEq8tq1dmn9MefjeXD1NEjUDQu/view?usp=sharing)

* * *

## AI: Q&A
#### 🗣 Speakers:
[@Karsten Hansen](#user_mention#43791873) & [@Andreas Seiling Petersen](#user_mention#49575997)

#### 🎥Optagelse:

[

drive.google.com

https://drive.google.com/file/d/12LGkxVS4rBWJOZCebMepRYs7GnP2OouY/view?usp=drive\_link

](https://drive.google.com/file/d/12LGkxVS4rBWJOZCebMepRYs7GnP2OouY/view?usp=drive_link)

* * *

## Vibe Coding, værktøjer og sikkerhed
#### 🗣 Speakers:
[@Christian Grøtner](#user_mention#32492350)

#### 📚Præsentation:

[præs.html](https://t20450769.p.clickup-attachments.com/t20450769/1eda8af6-19e3-401a-ab1f-a03288289527/pr%C3%A6s.html)

 (Download og åben i browser)

#### 🎥Optagelse:

[

drive.google.com

https://drive.google.com/file/d/1ZXwKIvcELx7E-9nmhc9G\_-41fBqOciY1/view?usp=drive\_link

](https://drive.google.com/file/d/1ZXwKIvcELx7E-9nmhc9G_-41fBqOciY1/view?usp=drive_link)

* * *

##",https://app.clickup.com/20450769/v/dc/kg3eh-1581/kg3eh-1025412,"{""value"":""emoji::💡""}"
kg3eh-276805,Client Lead Workshops,kg3eh-258645,Vidensdeling,1,Vidensdeling / Client Lead Workshops,1,2023-01-30T09:08:43.117Z,2023-01-30T12:50:43.287Z,147,"#### Proces: Client Management & Data - 24/01-2023
_""Townhall er overstået, hvorfor vi begynder at tage de første skridt mod den kommende struktur i Searchmind._

_Brian og jeg kommer derfor til at gennemgå nogle af de processer, udfordringer og tiltag, som I snarligt vil kunne stå overfor._ 

_Præsentationen er mest relevant for de personer, som kommer til at sidde med kunder i dagligdagen._ 

_Velmødt! :-)""_
[https://docs.google.com/presentation/d/1cpLdC8vwedF9cBqoY7EGa46I3GIw7bQcMFdWm9eMNSc/edit?usp=sharing](https://docs.google.com/presentation/d/1cpLdC8vwedF9cBqoY7EGa46I3GIw7bQcMFdWm9eMNSc/edit?usp=sharing)

* * *

####   

#### Opstartsmøde og statusmødet - 30/01-2023
_""I forbindelse med vores nye setup og i og med specialisterne skal være lead på egne kunder, så kommer der til at være forskellige obligatoriske workshops/oplæg._

_Denne vil omhandle opstartsmødet med ny kunde og statusmødet._

_Opstartsmødet m. Pagh:_
*   _Vores indtryk, opbygning af ny relation_
*   _Forventningsafstemning_
*   _Indhentning af relevant info_

_Statusmødet m. Cæcilie:_
*   _Opbygning af præsentation_
*   _Fremvisning af performance""_
[https://docs.google.com/presentation/d/1EsoKCzg6Sdi-sD9fiTZg8dJoYf-h79jq](https://docs.google.com/presentation/d/1EsoKCzg6Sdi-sD9fiTZg8dJoYf-h79jq)

[

drive.google.com

https://drive.google.com/file/d/1FhnrMVIDVwOCbC8HZMG9xt3ieAaezmbv/view?ts=63d7bb4e

](https://drive.google.com/file/d/1FhnrMVIDVwOCbC8HZMG9xt3ieAaezmbv/view?ts=63d7bb4e)

* * *",https://app.clickup.com/20450769/v/dc/kg3eh-1581/kg3eh-276805,"{""value"":""emoji::🗣️""}"
kg3eh-977412,2025,kg3eh-258645,Vidensdeling,1,Vidensdeling / 2025,2,2025-02-25T09:09:52.799Z,2025-08-20T13:46:23.947Z,122,"## Share of Search 
#### 🗣 Speakers:
[@Jakob Bøgh](#user_mention#81710310)
[@Magnus Rønnest France](#user_mention#81726358)
#### 📚Præsentation:

[Share of Search - Slides.pptx](undefined)

#### 🎥Optagelse: [https://drive.google.com/file/d/12BDSPSWFi5XCN-D\_dJTwzt2K9jmnTJJG/view](https://drive.google.com/file/d/12BDSPSWFi5XCN-D_dJTwzt2K9jmnTJJG/view)

* * *

## SEO team roller, opsalgsmuligheder og GEO
#### 🗣 Speakers:
[@Karsten Hansen](#user_mention#43791873)
#### 📚Præsentation: [https://docs.google.com/presentation/d/1U73o65zZp5wfcM2kenbPkkzZ6qdoKhlco2DoJcmb8sc/edit?usp=sharing](https://docs.google.com/presentation/d/1U73o65zZp5wfcM2kenbPkkzZ6qdoKhlco2DoJcmb8sc/edit?usp=sharing)
#### 🎥Optagelse: [https://drive.google.com/file/d/1wRribKcyni-ad9tCkvbrNhPdn97GwLEW/view?usp=sharing](https://drive.google.com/file/d/1wRribKcyni-ad9tCkvbrNhPdn97GwLEW/view?usp=sharing)

* * *

## **_P&L og spendshare - Tilgangen til kunders forretning_**
#### 🗣 Speakers:
[@Brian Ahle](#user_mention#32492225)
#### 📚Præsentation: [https://docs.google.com/presentation/d/1M-KIr9kJPsjWuGaocG8azOvSB1YqJzGUeC7pazJOynw/edit?usp=sharing](https://docs.google.com/presentation/d/1M-KIr9kJPsjWuGaocG8azOvSB1YqJzGUeC7pazJOynw/edit?usp=sharing)
#### 🎥Optagelse: [https://drive.google.com/file/d/17Y98XAfq-vmvfGJ3A4hoVy2NqNGjje1N/view?usp=sharing](https://drive.google.com/file/d/17Y98XAfq-vmvfGJ3A4hoVy2NqNGjje1N/view?usp=sharing)
#### 📃Ressourcer:
**P&L:**

[

docs.google.com

https://docs.google.com/

](https://docs.google.com/)

[spreadsheets/d/1mH8ahQ2a-cFmDMZ\_G-oRBx0pxDtcCH48-Z9aO-ZWpHY/edit?gid=1482303192#gid=1482303192](https://docs.google.com/spreadsheets/d/1mH8ahQ2a-cFmDMZ_G-oRBx0pxDtcCH48-Z9aO-ZWpHY/edit?gid=1482303192#gid=1482303192)

**Spendshare:**

[

docs.google.com

https://docs.google.com/

](https://docs.google.com/)

[spreadsheets/d/1UrHhakrVbwBsz9krFO7Egq2nx70HUymyVaHCGXAZzvk/edit?gid=0#gid=0](https://docs.google.com/spreadsheets/d/1UrHhakrVbwBsz9krFO7Egq2nx70HUymyVaHCGXAZzvk/edit?gid=0#gid=0)

* * *

## **_GEO - Generative Engine Optimization_**
#### 🗣 Speakers:
[@Andreas Seiling Petersen](#user_mention#49575997)
#### 📚Præsentation: [https://docs.google.com/presentation/d/15rdamrwPXaTmtncZe9TDiZW2j0eZfi6\_NdnSmvY64R8/edit?usp=sharing](https://docs.google.com/presentation/d/15rdamrwPXaTmtncZe9TDiZW2j0eZfi6_NdnSmvY64R8/edit?usp=sharing)
#### 🎥Optagelse: [https://drive.google.com/file/d/1RtE8W3L6O8Goiys7nX7x-AEG5MHLyTC0/view?usp=sharing](https://drive.google.com/file/d/1RtE8W3L6O8Goiys7nX7x-AEG5MHLyTC0/view?usp=sharing)

* * *

## **_WEB_**
#### 🗣 Speakers:
[@Rasmus Kønig Lund](#user_mention#87861153)
#### 📚Præsentation: [https://docs.google.com/presentation/d/1AXOTBDoRL2NpclUEIvdCjnKCXVa8iCCsjt2K9WeFYqI/edit?usp=sharing](https://docs.google.com/presentation/d/1AXOTBDoRL2NpclUEIvdCjnKCXVa8iCCsjt2K9WeFYqI/edit?usp=sharing)
#### 🎥Optagelse: [https://drive.google.com/file/d/1UIiPps-QaH7LDzfd9s0AaUyIoDsYanB1/view?usp=sharing](https://drive.google.com/file/d/1UIiPps-QaH7LDzfd9s0AaUyIoDsYanB1/view?usp=sharing)

* * *

#",https://app.clickup.com/20450769/v/dc/kg3eh-1581/kg3eh-977412,"{""value"":""emoji::💡""}"
kg3eh-263805,Interne procedurer,,,0,Interne procedurer,4,2022-12-09T13:03:19.036Z,2023-03-14T14:05:56.489Z,0,,https://app.clickup.com/20450769/v/dc/kg3eh-1581/kg3eh-263805,"{""value"":""emoji::🎯""}"
kg3eh-263845,Mappestruktur - Creative,kg3eh-263805,Interne procedurer,1,Interne procedurer / Mappestruktur - Creative,0,2022-12-09T13:09:05.638Z,2026-03-04T11:50:30.615Z,8,"[https://drive.google.com/drive/u/0/folders/1vFvTEEj9nclpombhv-uTz5cq\_BC04GkT](https://drive.google.com/drive/u/0/folders/1vFvTEEj9nclpombhv-uTz5cq_BC04GkT)

Opdateret marts 2026:

[Mappestruktur \_\_ Creative\_mar 2026.pdf](https://t20450769.p.clickup-attachments.com/t20450769/14712fa5-7323-4f91-9edc-dfd32b292df1/Mappestruktur%20__%20Creative_mar%202026.pdf)",https://app.clickup.com/20450769/v/dc/kg3eh-1581/kg3eh-263845,"{""value"":""emoji::ℹ️""}"
kg3eh-278665,ClickUp Generelt,,,0,ClickUp Generelt,5,2023-02-08T10:45:42.417Z,2023-05-04T12:29:14.833Z,0,,https://app.clickup.com/20450769/v/dc/kg3eh-1581/kg3eh-278665,"{""value"":""emoji::📚""}"
kg3eh-277245,Statuses,kg3eh-278665,ClickUp Generelt,1,ClickUp Generelt / Statuses,0,2023-02-03T08:50:37.806Z,2024-11-07T08:07:22.223Z,226,"**Task** og **Subtask** status giver et godt overblik og hjælper alle i virksomheden med at få et overblik over en opgaves nuværende status.

Herunder er et overblik og en definition over hvilken status der skal bruges hvornår.

![](https://t20450769.p.clickup-attachments.com/t20450769/b67d140f-f4eb-4230-8b0e-ade4a3314531/image.png)

**⬜TO-DO**: Denne opgave er ikke påbegyndt endnu
*   Default status, når en opgave oprettes

**🟦IN-PROGRESS**: Arbejdet på opgaven er påbegyndt

**🟨INTERNAL REVIEW**: Opgaven er færdig, men mangler gennemgang fra en internt i Searchmind
*   Typisk på ""Parent""-task niveau

**🟧IN REVISION**: Opgaven er færdig og gennemgået internt (Hvis nødvendigt)
*   ""Revision"" kan både være internt og fra en kunde. Statussen kan dermed godt bevæge sig ""bagud"" fra ""Client Review"" - hvis kunden har nogen ændringer.

**🟪CLIENT REVIEW**: Opgaven er gennemgået internt (hvis nødvendigt) og er sendt til kunden for endelig accept
*   Note: Ikke alt arbejde kræver feedback fra kunden.
*   Lad ikke en opgave ligge for længe her. Bliv ved med at følge op

**🟥BLOCKED**: Opgaven eller en del af opgaven er blokeret af uforudsete komplikationer. Typisk på kundesiden
*   Note: Dette sker ofte ved manglende adgang eller manglende ressource (Eksempelvis en landingsside der skal oprettes)

**🟩DELIVER & CLOSE**: Opgaven mangler en lille rettelse eller tilføjelse, før den kan afsluttes
*   Hvis noget mangler at blive lagt i drive, noteret eller registreret

**🟩COMPLETE**: Opgaven er færdig og afsluttet
*   Der er skrevet note
*   Der er tracket tid",https://app.clickup.com/20450769/v/dc/kg3eh-1581/kg3eh-277245,"{""color"":""#F31D2F"",""value"":""icon:fas:server""}"
kg3eh-277305,Budget Manager,kg3eh-278665,ClickUp Generelt,1,ClickUp Generelt / Budget Manager,1,2023-02-03T08:54:37.359Z,2026-04-09T09:22:07.821Z,574,"**Budget manager** bruges til at allokere kundernes ressourcer på månedlig basis. Det anses som kritisk information, da budgetterne bliver brugt til planlægning og belægningsgrad i afdelingerne.

Det er derfor at **KRAV** at budgetterne er oprettet korrekt **senest** d. 15. i hver måned

Alle CL/CS skal have en recurring ""Opret budget"" opgave liggende, der er sat til gentagelse senest hver måned d. 15

* * *

### Reccuring task
Brug templaten: _""CL - Opret Budget""_
**OBS ⚠ :** Det er vigtigt at det er templaten der bruges til at oprette opgaven, da den har en specifik Record Type.

Recurring opsætning:
![](https://t20450769.p.clickup-attachments.com/t20450769/c103e4ed-fb1b-4a09-9da1-66662864a1bb/image.png)

* * *

### Public Views
Der ligger ""Public views"" - som er sat til at vise nuværende måneds budgetter.
![](https://t20450769.p.clickup-attachments.com/t20450769/012a6095-6532-4e14-88ac-0358b4cd48b0/image.png)

Hver måned skal filteret opdateres til korrekt måned.
![](https://t20450769.p.clickup-attachments.com/t20450769/85ac961e-b82b-4490-baaa-de82175345b5/image.png)

* * *

### Private View
Alle skal have deres eget private view - til at håndtere de budgetter de er ansvarlige for.
Der er oprettet en template til dette ved navn: _""Client Lead - Budget Manager""._

Den kan findes i Template Center
![](https://t20450769.p.clickup-attachments.com/t20450769/445cd6d6-61db-49b8-9975-baadb9e8bd47/image.png)

Sørg for at dit view er sat til private, navngiv den efter ønske og gør den til favorit. Herefter ændre du filteret til at vise de kunder du er Lead på.
![](https://t20450769.p.clickup-attachments.com/t20450769/5cab01e9-947b-41df-9410-eab6c0aeaa9d/image.png)

Tilføj herefter ""Account dashboard"" som kolonne:
![](https://t20450769.p.clickup-attachments.com/t20450769/d498fea8-b62f-4774-9470-90b17cd18677/image.png)

* * *

### Oprettelse af budget
Budgetter oprettes måned for måned og tilpasses efter kundens mål og behov. Hvis et budget kommer til at have samme fordeling af ressourcer, de næste mange måneder frem, så opret alle budgetterne med det samme.

**OBS ⚠:** Hvis der er oprettet budgetter mere end 1 måned frem, så sørg for at gøre opmærksom på eventuelle ændringer ved de ansvarlige, så vi kan tage højde for opgaver der allerede er blevet planlagt ind til disse måneder.

**Oprettelse**:
Løsning A: Der er ikke nogen budgetter på kunden endnu
*   Gå ind i 💸 Budget Manager og opret en ny task.
*   Udfyld alle de felter der er som kolonner i dit private view![](https://t20450769.p.clickup-attachments.com/t20450769/38b38a66-b568-4578-99ce-87641c55e0d8/image.png)
*   Task name (se navngivning længere nede), ⭐️ Client Lead, antal timer på aktive services, ⭐️ Budget Month, Year og ⭐️ Client
*   **OBS ⚠:** SEO timer udfyldes samlet i ""2. SEO"" feltet og fordeles ikke ud på Content og Linkbuilding _(Dette gøres af ansvarlige SEO specialist)._
*   Til sidst ""Linkes"" det oprettede budget til 🤝 Account Dashboard. Dette gøres nemmest i den kolonne i tidligere har tilføjet til jeres private view.
![](https://t20450769.p.clickup-attachments.com/t20450769/abd35094-b51d-4827-91cd-c4aedbd4cb9b/image.png)

Løsning B: Der er oprettet tidligere budgetter
*   Kopier et tidligere budget
*   Tilret felterne (Task name (se navngivning længere nede), ⭐️ Client Lead, antal timer på aktive services, ⭐️ Budget Month, Year og ⭐️ Client)
*   Link 🤝 Account Dashboard som ovenfor i Løsning A.

🤝 Account Dashboard kan på nuværende tidspunkt desværre ikke kopieres med og man skal dermed ALTID linke efter man har oprettet et budget.

* * *

### Navngivning af budget
Gøres i følgende format

| _Kundenavn - Budget - Budgetmåned_ | [**Primusdanmark.dk**](http://Primusdanmark.dk) **- Budget - 2023\_01** |
| ---| --- |
| _Kundenavn - Budget - Budgetmåned_ | [**Primusdanmark.dk**](http://Primusdanmark.dk) **- Budget - 2023\_02** |
| _Kundenavn - Budget - Budgetmåned_ | [**Primusdanmark.dk**](http://Primusdanmark.dk) **- Budget - 2023\_03** |

_(Tidligere oprettede budgetter skal ikke rettes, hvis ovenstående format ikke er brugt)_

* * *

### Kunde opsigelse eller pause
Hvis en kunde mod forventning skulle stoppe eller pause samarbejdet, så går min ind og markerer ALLE kundens budgetter og ændrer status til ""INAKTIV"" eller ""PAUSE"".
![](https://t20450769.p.clickup-attachments.com/t20450769/5131985c-af08-4c47-82b6-e0cfc1dd9940/image.png)",https://app.clickup.com/20450769/v/dc/kg3eh-1581/kg3eh-277305,"{""value"":""emoji::💸""}"
kg3eh-278685,10 Commandments,kg3eh-278665,ClickUp Generelt,1,ClickUp Generelt / 10 Commandments,2,2023-02-08T10:46:19.882Z,2023-02-08T10:46:51.711Z,69,"These 10 Commandments are the cultural pillars that power our team's adoption and implementation of ClickUp.

### **The 10 Commandments are:**

1. If it's not in ClickUp, it didn't happen.
2. Due dates matter.
3. Track your time.
4. Leave a trail.
5. Follow the framework.
6. Build assets.
7. Process lives where work gets done.
8. Plan for the unplanned.
9. Build healthy habits.
10. It's not personal.",https://app.clickup.com/20450769/v/dc/kg3eh-1581/kg3eh-278685,"{""value"":""emoji::🔟""}"
kg3eh-281,Client Onboarding,,,0,Client Onboarding,6,2022-08-29T07:52:27.482Z,2023-05-01T18:07:52.775Z,0,,https://app.clickup.com/20450769/v/dc/kg3eh-1581/kg3eh-281,"{""value"":""emoji::🤩""}"
kg3eh-261,Opstarsmail til ny kunde,kg3eh-281,Client Onboarding,1,Client Onboarding / Opstarsmail til ny kunde,0,2022-08-29T07:52:27.481Z,2023-03-06T09:27:17.797Z,126,"* * *

Hej {{indsæt-navn}},

Mit navn er {{indsæt-navn}} og jeg kommer til at være din primære kontaktperson og {{indsæt-service}}-specialist, i samarbejde {{indsæt-service}}-specialist ![🙂](https://t20450769.p.clickup-attachments.com/t20450769/2bd5606c-932d-44d6-afcd-4905b9f3c6e2/image.png)

Hvordan vil det passe dig med et online-opstartsmøde på {{indsæt-dag, dato og tidspunkt}}, så vi er klar til at sparke det godt i gang pr. {{indsæt-opstartsdato}}?

Vil du i mellemtiden sende os adgang til følgende:
*   Fuld adgang til jeres webshop (også gerne FTP, hvis muligt)
*   Google Analytics - admin-adgang til [mc1@searchmind.dk](http://mc1@searchmind.dk)
*   {{indsæt-andet relevant}}
Er der spørgsmål til ovenstående, så kan vi gennemgå dette til opstartsmødet.
Jeg glæder mig til at komme i gang med samarbejdet med dig og {{indsæt-domænenavn}} ![🙂](https://t20450769.p.clickup-attachments.com/t20450769/2bd5606c-932d-44d6-afcd-4905b9f3c6e2/image.png)

\_\_\_\_\_
Spørgsmål til CL: Er der mulighed for at invitere kunden ind til opstartsmøde eller tage ud til kunden?",https://app.clickup.com/20450769/v/dc/kg3eh-1581/kg3eh-261,"{""value"":""emoji::👋""}"
kg3eh-332032,Searchmind Tech,,,0,Searchmind Tech,7,2023-08-14T07:22:32.853Z,2025-02-18T08:43:34.456Z,44,"### 🚧 Pipeline
1. Teknisk rapp
2. GSC indexer
3. Data chruncer

### 🚧 Test sites
*   [woocommerce.searchmind.tech](http://woocommerce.searchmind.tech)
*   [shopify.searchmind.tech](http://shopify.searchmind.tech)

### 🛠 Tools
*   [linkbestilling.searchmind.tech](http://linkbestilling.searchmind.tech)
*   [posts.searchmind.tech](http://posts.searchmind.tech)
*   [textformatter.searchmind.tech](http://textformatter.searchmind.tech)
*   [transactions.searchmind.tech](http://transactions.searchmind.tech)
*   [metagenerator.searchmind.tech](http://metagenerator.searchmind.tech)
*   Teknisk rapport ([https://app.clickup.com/20450769/docs/kg3eh-1581/kg3eh-831892](https://app.clickup.com/20450769/docs/kg3eh-1581/kg3eh-831892))
### 🧮 Beregnere
*   [searchmind.dk/roas](http://searchmind.dk/roas)
*   [searchmind.dk/seo-beregner](http://searchmind.dk/seo-beregner)",https://app.clickup.com/20450769/v/dc/kg3eh-1581/kg3eh-332032,"{""value"":""emoji::📠""}"
kg3eh-1017132,Automations,kg3eh-332032,Searchmind Tech,1,Searchmind Tech / Automations,0,2025-10-23T08:21:19.458Z,2025-10-23T08:22:58.074Z,0,,https://app.clickup.com/20450769/v/dc/kg3eh-1581/kg3eh-1017132,"{""value"":""emoji::🤖""}"
kg3eh-1017152,Tools,kg3eh-332032,Searchmind Tech,1,Searchmind Tech / Tools,1,2025-10-23T08:21:46.648Z,2025-10-23T08:23:16.990Z,0,,https://app.clickup.com/20450769/v/dc/kg3eh-1581/kg3eh-1017152,"{""value"":""emoji::⚒️""}"
kg3eh-1054192,Github,kg3eh-332032,Searchmind Tech,1,Searchmind Tech / Github,2,2026-05-11T09:03:39.001Z,2026-05-11T09:14:49.269Z,586,"## ⚠️ Det vigtigste step: .gitignore og .env
Før du kører `git add .`, skal du sikre dig, at du ikke uploader filer, der kan skade sikkerheden eller gøre projektet unødigt tungt.
### 1\. Hvad er en .gitignore?
Dette er en lille tekstfil, du opretter i din projektmappe (samme sted som du kørte `git init`). Den fortæller Git, hvilke filer og mapper der skal ignoreres.
*   Hvorfor? Vi vil ikke uploade store mapper som `node_modules`, `vendor` eller midlertidige logfiler. De fylder for meget og skal genereres lokalt af hver medarbejder.
*   Pro-tip: Du kan nemt generere en færdig fil på [gitignore.io](https://www.toptal.com/developers/gitignore) ved at skrive f.eks. ""Laravel"", ""Node"" eller ""WordPress"".
### 2\. Pas på din .env-fil!
`.env`\-filen indeholder dine lokale hemmeligheder: Kodeord til databaser, API-nøgler og systemindstillinger.
*   Regel nummer 1: En `.env`\-fil må ALDRIG pushes til GitHub.
*   Hvis den ryger op på vores fælles account, kan alle med adgang (og potentielt hackere, hvis repoet er offentligt) se vores adgangskoder.
### Sådan gør du i praksis:
1. Opret en fil der hedder præcis `.gitignore` i din mappe.
2. Åbn den og tilføj linjen: `.env`
3. Tilføj også de mapper, der ikke skal med (f.eks. `node_modules/`).
4. Nu kan du trygt køre `git add .`
> Husk: Hvis du først har pushet en `.env`\-fil én gang, ligger den i historikken for evigt – selvom du sletter den bagefter. Så tjek din `.gitignore` før dit første push!
##   

##   

## Guide: Sådan uploader du projekter til vores fælles GitHub
Denne guide sikrer, at dit navn står i historikken, selvom vi uploader til vores fælles manager-konto via Uniqkey.
### 1\. Installation
Hvis du ikke allerede har Git, skal du hente det her:
*   Download: [git-scm.com/download/win](https://git-scm.com/download/win) (Vælg _64-bit Git for Windows Setup_).
*   Når du installerer, skal du bare trykke ""Next"" til standardindstillingerne.

* * *

### 2\. Opsætning af din identitet (Kun én gang)
Åbn Git Bash og kør disse to linjer, så vi kan se, hvem der har lavet koden:
*   `git config --global` [`user.name`](http://user.name) `""Dit Navn""`
*   `git config --global` [`user.email`](http://user.email) `""`[`din-mail@searchmind.dk`](mailto:din-mail@searchmind.dk)`""`
*   _Tjek om det virker med:_ `git config --global --list`

* * *

### 3\. Start et nyt projekt (Step-by-step)
Hver gang du har et nyt projekt lokalt, der skal på GitHub, gør du følgende:
1. Find mappen: Naviger til din projektmappe i Git Bash:
    *   `cd ""C:/sti/til/dit/projekt""`
2. Start projektet: Aktiver Git i mappen:
    *   `git init`
3. Omdøb grenen: Sørg for at den hedder 'main' (standard i dag):
    *   `git branch -m main`
4. Klargør og gem: Saml filerne og ""sign"" dem med dit navn:
    *   `git add .`
    *   `git commit -m ""Beskrivelse af hvad du har lavet""`

* * *

### 4\. Forbind og Upload (Push)
1. Opret Repo (**PRIVATE**): Gå på GitHub ([`mc@searchmind.dk`](mailto:mc@searchmind.dk)), opret et nyt repository og kopier URL'en.
2. Link til GitHub: Forbind din lokale mappe med GitHub:
    *   `git remote add origin [indsæt URL]`
3. Første push (Force): For at få alt op med det samme og overskrive standardfiler:
    *   `git push -u origin main --force`

* * *

### 5\. Login via Uniqkey
Når du kører `push`, vil Windows poppe op med et login-vindue.
*   Her logger du ind med de credentials til [mc@searchmind.dk](mailto:mc@searchmind.dk), der ligger i vores Uniqkey.
*   _Når du er logget ind én gang, husker computeren det typisk til næste gang._

* * *

> Vigtigt: Husk altid at starte med `cd` (så du er i den rigtige mappe) og `git init` (så Git er tændt), ellers virker ingen af de andre kommandoer!",https://app.clickup.com/20450769/v/dc/kg3eh-1581/kg3eh-1054192,"{""value"":""emoji::🐈‍⬛""}"
kg3eh-332052,Logins (tech),kg3eh-332032,Searchmind Tech,1,Searchmind Tech / Logins (tech),3,2023-08-14T07:27:34.427Z,2024-05-01T08:22:42.744Z,21,"### 🚧 Test sites
[woocommerce.searchmind.tech](http://woocommerce.searchmind.tech/)
Login:
[kh@searchmind.dk](mailto:kh@searchmind.dk)
Beg63NGzfp

[shopify.searchmind.tech](http://shopify.searchmind.tech/)
Login: Shopify partners
[https://www.shopify.com/partners/](https://www.shopify.com/partners/)
[mc@searchmind.dk](mailto:mc@searchmind.dk)
SSO

Ubuntu VM
user: mc1
pw: crawlmedude",https://app.clickup.com/20450769/v/dc/kg3eh-1581/kg3eh-332052,"{""value"":""emoji::🔑""}"
kg3eh-831892,Teknisk rapport,kg3eh-332032,Searchmind Tech,1,Searchmind Tech / Teknisk rapport,4,2024-05-14T10:15:37.687Z,2025-10-23T08:23:04.803Z,607,"# Mail sender
Kører på info@ mailen
How to:
1. Sign in to your Google Account: Go to the Google Account login page ([https://myaccount.google.com/](https://myaccount.google.com/)) and sign in with your Gmail username and password.
2. Access Security Settings: Once logged in, click on your profile picture in the top right corner, then select ""Manage your Google Account.""
3. Navigate to Security: In the left-hand menu, click on the ""Security"" tab.
4. Enable 2-Step Verification (if not already enabled): If you haven't set up 2-Step Verification yet, you'll need to do so. Follow the prompts to enable it and set it up with your preferred method (phone number or alternative email).
5. Go to App Passwords: Scroll down to the ""Signing in to Google"" section and click on ""App passwords."" You may need to enter your password again for security purposes.
6. Generate App Password: Under the ""Select app"" dropdown menu, choose the app for which you want to generate the app password (e.g., ""Mail"" or ""Other (Custom name)"").
7. Generate Password: After selecting the app, select your device type and click ""Generate."" Google will provide you with a unique 16-digit app password.
8. Use App Password: Copy the generated app password and use it in place of your regular Gmail password when setting up or configuring the application or device. Make sure to keep this password secure.
9. Finish: Once you've generated and used the app password, you may close the window. Your app-specific password will remain active until you revoke it.

# Logins
### Password for Ubuntu VM:
crawlmedude

Default keyring PW:
crawlmedude

Pin code for Chrome remote desktop:
552800

* * *

# Screaming Frog
### Adding new MC mails to SF
Login to the VM open SF and go to API ➝ Google Search console ➝ Sign in with the MC account ➝ remember to rename the account you attach to what the mail is named EG: [mc3@searchmind.dk](mailto:mc3@searchmind.dk)
![](https://t20450769.p.clickup-attachments.com/t20450769/5359ba81-fc7a-4999-b466-94204de44807/Screenshot%202024-05-15%20at%2014.30.57.png)

### Screaming Frog CLI commands

[https://www.screamingfrog.co.uk/seo-spider/user-guide/general/#command-line-interface-set-up:~:text=Command%20line%20interface%20set%2Dup](https://www.screamingfrog.co.uk/seo-spider/user-guide/general/#command-line-interface-set-up:~:text=Command%20line%20interface%20set%2Dup)

### Running screaming frog in the cloud

[https://www.screamingfrog.co.uk/seo-spider/tutorials/seo-spider-cloud/](https://www.screamingfrog.co.uk/seo-spider/tutorials/seo-spider-cloud/)

* * *

# VM Installation & Setup

### Step 1:
### Using Google Compute Engine for VM
[https://scribehow.com/shared/Accessing\_Google\_Cloud\_Console\_Server\_Crawl\_Teknisk\_Rapport\_\_22O9yHMrQsij7iIrm1liNQ](https://scribehow.com/shared/Accessing_Google_Cloud_Console_Server_Crawl_Teknisk_Rapport__22O9yHMrQsij7iIrm1liNQ) - Remember to add new people to the project

### Step 2:
### Using Chrome remote Desktop
[https://scribehow.com/shared/Set\_Up\_Chrome\_Remote\_Desktop\_via\_SSH\_\_\_bz5aSAZR5q937d-k3eqcA](https://scribehow.com/shared/Set_Up_Chrome_Remote_Desktop_via_SSH___bz5aSAZR5q937d-k3eqcA)

### Pushing new code to the VM
1: Connect to the VM via Chrome remote desktop
2: ctrl + c to stop the running process
3: fetch the new changes
4: write npm start in the terminal to start the process again

* * *

#   

# Stop og start af Server via SSH(Terminal)

1. Gå igennem ""Step 1"" i ""VM installation og setup"" for at bruge terminalen for VM, hvor Teknisk Rapport server kører på.
2. Når du ankommer er du logget ind som mc1 bruger.
Du skal herefter navigere til Desktop ➝ Teknisk-rapport-v2 ➝ backend.
1. Indtast ""pm2 list"". Dette giver en liste over pm2 processer der har kørt og som kører.

Noter id for proces der har ""status"" = online.

2. Indtast ""pm2 stop <id>"".(indtast 1 i stedet for <id>, hvis process id er 1).
3. Processen kan startes igen ved at indtastes ""pm2 start npm --name <navn> -- start"".(<navn> udskiftes med ønskede navn for pm2 proces)

Info:
Hvis den nyeste version af git main skal hentes, indtastes følgende efter stop af proces: git pull
(Du skal være i stien for backend folderen for at kan gøre dette).
Herefter startes serveren som beskrevet ovenfor.

# Links
### The template sheet file that is used for the project:
[https://docs.google.com/spreadsheets/d/1Qg00wks98qvr4WQeg5dgSJ8XN4GDsl9hyOEz2gY8OXM/edit#gid=1950399164](https://docs.google.com/spreadsheets/d/1Qg00wks98qvr4WQeg5dgSJ8XN4GDsl9hyOEz2gY8OXM/edit#gid=1950399164)
### The template slide file that is used for the project:
[https://docs.google.com/presentation/d/1VFvgOd7E72vEJo8DXDfPN0Js6XqvVs50YMBlWdtmvMk/edit#slide=id.g2c4cc3260e8\_0\_42](https://docs.google.com/presentation/d/1VFvgOd7E72vEJo8DXDfPN0Js6XqvVs50YMBlWdtmvMk/edit#slide=id.g2c4cc3260e8_0_42)
###   

* * *

# Feedback and issues
[https://docs.google.com/presentation/d/18p06-rxvpCTyyi6cNhHVa1UYHUmQZ8APkp1WFlws1F4/edit#slide=id.g2da0dda6248\_0\_1](https://docs.google.com/presentation/d/18p06-rxvpCTyyi6cNhHVa1UYHUmQZ8APkp1WFlws1F4/edit#slide=id.g2da0dda6248_0_1)

* * *",https://app.clickup.com/20450769/v/dc/kg3eh-1581/kg3eh-831892,"{""value"":""emoji::🌐""}"
kg3eh-337352,Morebizz,,,0,Morebizz,8,2023-08-31T11:32:25.510Z,2025-04-16T11:53:02.114Z,0,,https://app.clickup.com/20450769/v/dc/kg3eh-1581/kg3eh-337352,"{""value"":""emoji::💰""}"
kg3eh-337432,Creative,kg3eh-337352,Morebizz,1,Morebizz / Creative,0,2023-08-31T11:36:10.556Z,2024-06-03T09:25:36.904Z,9,"**Morbizz - Paid Social**
[https://docs.google.com/presentation/d/1CGClXWYAgQ40c7Ppl-XBDAuOoxD208xzrNVX1eEI2eI/edit#slide=id.g2dc57b15d66\_0\_0](https://docs.google.com/presentation/d/1CGClXWYAgQ40c7Ppl-XBDAuOoxD208xzrNVX1eEI2eI/edit#slide=id.g2dc57b15d66_0_0)

**Morbizz - SEO**
[https://docs.google.com/presentation/d/1YjdpWGT2aAH03Vffk9iHWyS9e8N9VlGMya6wAVJM\_9E/edit#slide=id.g20dfb6d9d22\_0\_1186](https://docs.google.com/presentation/d/1YjdpWGT2aAH03Vffk9iHWyS9e8N9VlGMya6wAVJM_9E/edit#slide=id.g20dfb6d9d22_0_1186)",https://app.clickup.com/20450769/v/dc/kg3eh-1581/kg3eh-337432,"{""value"":""emoji::🧑‍🎨""}"
kg3eh-337452,Creative Produktion,kg3eh-337432,Creative,2,Morebizz / Creative / Creative Produktion,0,2023-08-31T11:36:28.442Z,2024-10-11T08:16:41.538Z,7,"* * *

## Video reference
[https://www.youtube.com/@searchmindagency](https://www.youtube.com/watch?v=gmg-bbuY14s&list=PLEV-HIsG2CqSpPyTr2RSmcns3zEwgwbnE)",https://app.clickup.com/20450769/v/dc/kg3eh-1581/kg3eh-337452,
kg3eh-338052,Video produktion - SEO,kg3eh-337452,Creative Produktion,3,Morebizz / Creative / Creative Produktion / Video produktion - SEO,0,2023-08-31T11:43:39.931Z,2024-10-11T08:15:00.577Z,30,"## **Hvorfor inkludere High performance video som et led i din SEO strategi?**

* * *

**Salgspræsentation som Slides**
[https://docs.google.com/presentation/d/11PJgUlocrdDkHQ1O0LWYcPR5OovLFKomrAb\_A3OKx-Y/edit#slide=id.g27b39570015\_0\_3](https://docs.google.com/presentation/d/11PJgUlocrdDkHQ1O0LWYcPR5OovLFKomrAb_A3OKx-Y/edit#slide=id.g27b39570015_0_3)

## Video reference
[https://www.youtube.com/watch?v=hkfEQtQxrz8](https://www.youtube.com/watch?v=hkfEQtQxrz8)

* * *

**Videocontent Sheets\_Morbizz**
[https://docs.google.com/spreadsheets/d/1aniHmqTrB4\_cKVEJR8JECLPM-JEeO1wG/edit?pli=1#gid=1837078040](https://docs.google.com/spreadsheets/d/1aniHmqTrB4_cKVEJR8JECLPM-JEeO1wG/edit?pli=1#gid=1837078040)",https://app.clickup.com/20450769/v/dc/kg3eh-1581/kg3eh-338052,
kg3eh-339912,Video produktion,kg3eh-337452,Creative Produktion,3,Morebizz / Creative / Creative Produktion / Video produktion,1,2023-09-05T12:40:08.125Z,2024-10-11T08:13:22.368Z,20,"## **Hvorfor inkludere High performance video som et led i din marketingstrategi?**
##   

* * *

**Salgspræsentation som Slides**
[https://docs.google.com/presentation/d/11xfHzQtcYJ9OasuwALju470sKzvPkJ730amJ4D-TdKE/edit#slide=id.g27b90c85673\_0\_477](https://docs.google.com/presentation/d/11xfHzQtcYJ9OasuwALju470sKzvPkJ730amJ4D-TdKE/edit#slide=id.g27b90c85673_0_477)",https://app.clickup.com/20450769/v/dc/kg3eh-1581/kg3eh-339912,
kg3eh-338092,Creativ behandling,kg3eh-337432,Creative,2,Morebizz / Creative / Creativ behandling,1,2023-08-31T11:49:14.311Z,2024-10-11T08:14:45.602Z,1,[https://www.youtube.com/watch?v=hkfEQtQxrz8](https://www.youtube.com/watch?v=hkfEQtQxrz8),https://app.clickup.com/20450769/v/dc/kg3eh-1581/kg3eh-338092,
kg3eh-855092,Content,kg3eh-337352,Morebizz,1,Morebizz / Content,1,2024-06-03T09:47:25.259Z,2024-08-14T09:42:00.031Z,1,[https://docs.google.com/presentation/d/1Q83HY\_cIMAex6u5DwupNwxeqCTVInY2f\_ud\_\_rqgfDk/edit#slide=id.g2dc57b15d66\_0\_0](https://docs.google.com/presentation/d/1Q83HY_cIMAex6u5DwupNwxeqCTVInY2f_ud__rqgfDk/edit#slide=id.g2dc57b15d66_0_0),https://app.clickup.com/20450769/v/dc/kg3eh-1581/kg3eh-855092,"{""value"":""emoji::👨‍💻""}"
kg3eh-641,Knowledge Base Overview,,,0,Knowledge Base Overview,9,2022-08-29T07:52:27.481Z,2025-08-27T13:04:47.001Z,1,###,https://app.clickup.com/20450769/v/dc/kg3eh-1581/kg3eh-641,"{""color"":""#3498DB"",""value"":""icon:fas:map-marker-alt""}"
kg3eh-670832,Logins,,,0,Logins,10,2023-12-01T09:16:58.033Z,2026-03-17T10:25:45.903Z,767,"**Alle logins findes i Uniqkey**
**Alle logins findes i Uniqkey**
**Alle logins findes i Uniqkey**

* * *

# Adobe Creative Cloud
[https://adminconsole.adobe.com/](https://adminconsole.adobe.com/)
Ligger under ""Sikre noter"" i Uniqey

* * *

# Accuranker partner client signup
""Udfyldes her: [https://docs.google.com/forms/d/e/1FAIpQLSfdOYbYfhv8qW3QKtidzo47t8Ks6ar3eqxD79Up863sET219Q/viewform](https://docs.google.com/forms/d/e/1FAIpQLSfdOYbYfhv8qW3QKtidzo47t8Ks6ar3eqxD79Up863sET219Q/viewform) Når disse informationer er udfyldt vil Accuranker stå for oprettelse af kundens konto og overførsel af adgang til Searchmind.""

* * *

# Agency Analytics
[https://app.agencyanalytics.com/login](https://app.agencyanalytics.com/login)

* * *

# [app.creatopy.com](http://app.creatopy.com/) (bannersnack)
[https://app.creatopy.com/](https://app.creatopy.com/)

* * *

# [https://artlist.io/](https://artlist.io/)
[https://artlist.io/](https://artlist.io/)

* * *

# [bing.com](http://bing.com/) (MCC)
[https://bingads.microsoft.com/](https://bingads.microsoft.com/)

* * *

# [cloudflare.com](http://cloudflare.com/)
[https://dash.cloudflare.com/login](https://dash.cloudflare.com/login)

* * *

# [cloudways.com](http://cloudways.com/)
[https://platform.cloudways.com/login](https://platform.cloudways.com/login)

* * *

# DKhostmaster / [punktum.dk](http://punktum.dk)
[https://selvbetjening.punktum.dk/](https://selvbetjening.punktum.dk/)

* * *

# [dashthis.com](http://dashthis.com/)
""\*\*Dashthis\*\*

* * *

# [datafeedwatch.com](http://datafeedwatch.com/)
""\*\*Datafeedwatch\*\* [mc@searchmind.dk](mailto:mc@searchmind.dk)

* * *

# Delighted
[christian@searchmind.dk](mailto:christian@searchmind.dk)
[admin@searchmind.dk](mailto:admin@searchmind.dk)
[info@searchmind.dk](mailto:info@searchmind.dk)
[https://docs.google.com/spreadsheets/d/1TjgOCUQ3QiVJQM181olp-uUBwPu3S23-KZnSBSrkQYo/edit#gid=0](https://docs.google.com/spreadsheets/d/1TjgOCUQ3QiVJQM181olp-uUBwPu3S23-KZnSBSrkQYo/edit#gid=0)

* * *

# DFW referral
"" [https://www.datafeedwatch.com/pricing?via=kasper-kolaski](https://www.datafeedwatch.com/pricing?via=kasper-kolaski) 20% rabat på abonnement i 3 måneder Searchmind får 10% i kommission for alle betalinger.

* * *

# [digitalocean.com](http://digitalocean.com/)
[https://cloud.digitalocean.com/login](https://cloud.digitalocean.com/login)

* * *

# [elegantthemes.com](http://elegantthemes.com/) / Divi theme builder

* * *

# **European Search Awards 2023**
[https://europeansearchawards.com/login/](https://europeansearchawards.com/login/)
[kasper@searchmind.dk](mailto:kasper@searchmind.dk)

* * *

# [ewww.io](http://ewww.io/)
[brian@searchmind.dk](mailto:brian@searchmind.dk)

* * *

# [firmadanmark.dk](http://firmadanmark.dk/)
[http://firmadanmark.dk/login/](http://firmadanmark.dk/login/)

* * *

# [getredirects.com](http://getredirects.com/)
""\*\*Login Page:\*\* [https://app.getredirects.com/login](https://app.getredirects.com/login)

* * *

# [github.com](http://github.com/)
[mc@searchmind.dk](mailto:mc@searchmind.dk)

* * *

# [https://helloretail.com/](https://helloretail.com/)
[https://my.helloretail.com/company/signin.html](https://my.helloretail.com/company/signin.html)

* * *

# Icloud Searchmind / iPads
[https://www.icloud.com/?s=Iseo](https://www.icloud.com/?s=Iseo)

* * *

# Instagram @searchmind
[info@searchmind.dk](mailto:info@searchmind.dk)

* * *

# [Internetvikings.com](http://internetvikings.com/)
[https://controlpanel.okens.domains/](https://controlpanel.okens.domains/)

* * *

# [jumpstory.com](http://jumpstory.com/)
[https://universe.jumpstory.com/login/](https://universe.jumpstory.com/login/)

* * *

# Keyword Insights
""Login: [https://app.keywordinsights.ai/auth](https://app.keywordinsights.ai/auth)

* * *

# Klaviyo / MCC
Når vi skal have adgang til en Klaviyo-konto, så tildel altid admin-adgang til [mc@searchmind.dk](mailto:mc@searchmind.dk) . 2FA kode kommer til Authenticator-app'en på kontortele.""

* * *

# [mailchimp.com](http://mailchimp.com/)
""\*\*MailChimp\*\*
Ved tilkobling af kunden til Searchmind Mailchimp-konto:

Bed kunden tilkoble os som admin på kontoen med [mc@searchmind.dk](mailto:mc@searchmind.dk) \\- klik på link i invitationsmail \\- Vælg: """"use your login to join this account"""" \\-

* * *

# [make.com](http://make.com)
[https://www.make.com/en/login](https://www.make.com/en/login)
[mc@searchmind.dk](mailto:mc@searchmind.dk)
SmindZenpilot1337!

* * *

# MCC / Manager konto
[mc1@searchmind.dk](mailto:mc1@searchmind.dk)
[mc@searchmind.dk](mailto:mc1@searchmind.dk)
[mc2@searchmind.dk](mailto:mc2@searchmind.dk)
[account.google.com](http://account.google.com)

* * *

# [Motherlink.io](http://motherlink.io/)
[https://app.motherlink.io/login?redirect=%2F](https://app.motherlink.io/login?redirect=%2F)

* * *

Ninja Tables Pro (WP)
License: 6ac2eaedfedd2ca108c5698ce8abd9b0

[ninja-tables-pro-4.3.0 (2).zip](https://t20450769.p.clickup-attachments.com/t20450769/1ddce76c-1ae7-4a52-96e5-ac07b0deb8cd/ninja-tables-pro-4.3.0%20\(2\).zip)

* * *

# [one.com](http://one.com/) (gamle [gratisdns.dk](http://gratisdns.dk/) bruger)
[christian@searchmind.dk](mailto:christian@searchmind.dk)

* * *

# Orbi
admin

* * *

# [pakke.dk](http://pakke.dk/)
[info@searchmind.dk](mailto:info@searchmind.dk)

* * *

# Priceshape - referral
""Tag fat på Nicolaj Lund, hvis vi har kunder, vi ønsker at henvise til PriceShape eller gerne vil have dem til, at give en intro til systemet: [nl@priceshape.dk](mailto:nl@priceshape.dk) ""

* * *

# Screaming frog licens

Username: christiangrotner
Key:
98D3ED4351-1729728000-8080E8A3A2

* * *

[Searchmind.dk](http://Searchmind.dk)
[https://content.searchmind.dk/wp-admin/](https://content.searchmind.dk/wp-admin/)
u: searchmind

* * *

# [https://seo.domains/list/](https://seo.domains/list/)
[https://list.seo.domains/login](https://list.seo.domains/login)
"" [christian@searchmind.dk](mailto:christian@searchmind.dk)

* * *

# Shopify Partners
[https://www.shopify.com/partners](https://www.shopify.com/partners)
[mc@searchmind.dk](mailto:mc@searchmind.dk)

* * *

# Sleeknote (Searchmind)
"" [mc@searchmind.dk](mailto:mc@searchmind.dk)

* * *

# [https://sleeknote.getrewardful.com/](https://sleeknote.getrewardful.com/)
""Registrer Sleeknote leads, så vi får kommission af kundens pakke. Vores kommission stiger, jo flere kunder vi henviser [https://sleeknote.com/partner-program](https://sleeknote.com/partner-program) Brug dette referral link: [https://sleeknote.com/start-free-trial?via=line](https://sleeknote.com/start-free-trial?via=line) [https://sleeknote.getrewardful.com/](https://sleeknote.getrewardful.com/)

* * *

# Sleeknote Partnerprogram / Rewardful
[https://sleeknote.getrewardful.com/login](https://sleeknote.getrewardful.com/login)

* * *

# [surferseo.com](http://surferseo.com/)
[https://app.surferseo.com/](https://app.surferseo.com/)
"" [christian@searchmind.dk](mailto:christian@searchmind.dk)

* * *

# Theonlineshopr
[https://theonlineshopr.com/umbraco#/content](https://theonlineshopr.com/umbraco#/content)
"" [brian@searchmind.dk](mailto:brian@searchmind.dk)

* * *

# [trustpilot.com](http://trustpilot.com/)
[https://authenticate.trustpilot.com/](https://authenticate.trustpilot.com/)

* * *

# [unoeuro.com](http://unoeuro.com/) / [Simply.com](http://simply.com/)

bruger: [mc@searchmind.dk](mailto:mc@searchmind.dk)
kode: Vaekst1337!

* * *

# [upwork.com](http://upwork.com/)
[https://www.upwork.com](https://www.upwork.com/) [brian@searchmind.dk](mailto:brian@searchmind.dk)

* * *

# [wix.com](http://wix.com/)
""\*\*Wix\*\* [mc@searchmind.dk](mailto:mc@searchmind.dk)

* * *

# [wpml.org](http://wpml.org/)
[https://wpml.org/account/](https://wpml.org/account/) Login name: brianA-12

* * *

# [Zapier.com](http://zapier.com/)
SSO - mc@

* * *

# [stape.io](http://stape.io) / MC
[mc@searchmind.dk](mailto:mc@searchmind.dk)

* * *

# NordVPN
User: [kh@searchmind.dk](mailto:kh@searchmind.dk)

* * *

# Adobe Creative Cloud fællesbrugere (Se sikre noter)
[ak@searchmind.dk](mailto:ak@searchmind.dk)
[sop@searchmind.dk](mailto:sop@searchmind.dk)

* * *

# MyNewsDesk
[https://www.mynewsdesk.com/user/signin](https://www.mynewsdesk.com/user/signin)
Brugernavn: searchmind1

* * *

# Afdelingstelefoner:
**SEO**:
Pinkode: `4158`
Nr: **25949108**

""**Kontortelefon**"":
Pinkode: 5174
Telefon kode: 00000

* * *

# Docker variabels/mongodb logins
![](https://t20450769.p.clickup-attachments.com/t20450769/479f3ecd-5af8-4516-9d31-9e821ac26a3d/image.png)

* * *

# Motomo Analytics
[https://matomo.org/login/](https://matomo.org/login/)
Bruger: [mc1@searchmind.dk](mailto:mc1@searchmind.dk)
Kode: Smind1337!

* * *

# **Cookiebot partneradgang**
[https://manage.cookiebot.com/en/login](https://manage.cookiebot.com/en/login)
[christian@searchmind.dk](mailto:christian@searchmind.dk)

* * *

# [business.tiktok.com](http://business.tiktok.com/)
[https://ads.tiktok.com/i18n/login/](https://ads.tiktok.com/i18n/login/)
""Email: [mc@searcmind.dk](mailto:mc@searcmind.dk)

* * *

# Tobias Ehlig
""Jeg har oprettet et WordPress login til jer, som virker på alle mine 250 sites og tilgås på almindelig vis via [https://domænenavnet.dk/wp-login.php](https://xn--domnenavnet-c9a.dk/wp-login.php)

[Searchmind login URL.xlsx](https://t20450769.p.clickup-attachments.com/t20450769/90508ca5-e680-4a3a-8d51-784dfb4fec51/Searchmind%20login%20URL.xlsx)

* * *

# Dabba invite / opret ny bruger
[https://dabba.kanpla.dk/join/E6lNFtW5F2I2fJWNRvaW](https://dabba.kanpla.dk/join/E6lNFtW5F2I2fJWNRvaW)

* * *

# Canva Pro
[https://www.canva.com/da\_dk/login/](https://www.canva.com/da_dk/login/)
[mc@searchmind.dk](mailto:mc@searchmind.dk)

* * *

# ProfitMetrics

Har I kunder I vil onboarde, eller kunder der skal have en demo før de skal i gang så har vi vores egen formular som I skal bruge. Den er herunder.

*   Vores formular til nye kunder: [https://share-eu1.hsforms.com/1tt9EOLFVQqOsK6Ll9YA3rgfsmor](https://share-eu1.hsforms.com/1tt9EOLFVQqOsK6Ll9YA3rgfsmor)
*   Fordi vi er partnere kan vi tilbyde 50% på produkterne de første 3 måneder

Internt PoC er Aske.

Vi er ved at få vores egen faste ved ProfitMetrics og der kommer salgsmateriale fra dem også.",https://app.clickup.com/20450769/v/dc/kg3eh-1581/kg3eh-670832,"{""value"":""emoji::🔐""}"
kg3eh-261725,WP MAIN PUBLISH,kg3eh-670832,Logins,1,Logins / WP MAIN PUBLISH,0,2022-12-05T19:14:11.869Z,2026-03-17T10:25:31.085Z,32,"**Login**:
[https://posts.searchmind.tech/](https://posts.searchmind.tech/)
user
pbnadgang22

**(Kun Alex og Karsten bruger dette)**
[posts.searchmind.tech/wp-admin/](http://posts.searchmind.tech/wp-admin/)
[kh@searchmind.dk](mailto:kh@searchmind.dk)
pXX6sPfStg

[mmi@searchmind.dk](mailto:mmi@searchmind.dk)

### PBN login - universal:
login: /adminstrationslogin
Bruger: SMPOST-admin
Kode: yk$CJ101I%

[online-magasin.local-20230109-083233-mzim1u.wpress](https://t20450769.p.clickup-attachments.com/t20450769/a2fed311-f154-4288-8fcf-30e9bcd37ea0/online-magasin.local-20230109-083233-mzim1u.wpress)

[Nye PBN sites.wpress](https://t20450769.p.clickup-attachments.com/t20450769/617c45eb-9afa-4c4c-ab23-cb9e739a16de/Nye%20PBN%20sites.wpress)

2024 PBN

[PBN2024.wpress](https://t20450769.p.clickup-attachments.com/t20450769/7e154b4f-2443-47cf-8a08-b176dcf76a42/PBN2024.wpress)",https://app.clickup.com/20450769/v/dc/kg3eh-1581/kg3eh-261725,
kg3eh-318724,AI Google,kg3eh-670832,Logins,1,Logins / AI Google,1,2023-06-08T05:26:39.844Z,2026-03-17T10:25:33.978Z,4,"Bard email:
[aimc2dk@gmail.com](mailto:aimc2dk@gmail.com)
!Aw^j1d3Sg3Y",https://app.clickup.com/20450769/v/dc/kg3eh-1581/kg3eh-318724,
kg3eh-704432,Referral / Partner aftaler,,,0,Referral / Partner aftaler,11,2024-01-24T08:01:08.001Z,2024-02-06T14:26:08.931Z,57,"# Cookiebot partner
[https://partnerportal.usercentrics.com/](https://partnerportal.usercentrics.com/)

Brugere inviteres til vores agency account. Kan gives 20% rabat på kunden aftale med cookiebot.

Vi inviterer en mail og der oprettes derefter bruger på denne mail.

* * *

# Cookieinformation partner URL
[https://cookieinformation.com/referral-trial/?referralcompany=Searchmind](https://cookieinformation.com/referral-trial/?referralcompany=Searchmind)

* * *

# [Stape.io](http://Stape.io)
[https://stape.io/?pt=ahnqknwk&rs=site](https://stape.io/?pt=ahnqknwk&rs=site) 
Bruges til signup og deres konto bliver knyttet til vores agency account",https://app.clickup.com/20450769/v/dc/kg3eh-1581/kg3eh-704432,"{""value"":""emoji::🔗""}"
kg3eh-7705,Rabatkoder,,,0,Rabatkoder,12,2022-09-27T07:02:48.404Z,2025-05-16T09:18:30.227Z,1,#,https://app.clickup.com/20450769/v/dc/kg3eh-1581/kg3eh-7705,"{""value"":""emoji::💰""}"
kg3eh-1015932,Aarhus Barbers saloner - rabatkode,kg3eh-7705,Rabatkoder,1,Rabatkoder / Aarhus Barbers saloner - rabatkode,0,2025-10-20T07:34:46.567Z,2025-11-05T08:57:22.156Z,6,"""Searchmind10"" (10%)

[

aarhusbarber.dk

https://aarhusbarber.dk/

](https://aarhusbarber.dk/)",https://app.clickup.com/20450769/v/dc/kg3eh-1581/kg3eh-1015932,
kg3eh-1018352,STOFF Nagel - rabatkode,kg3eh-7705,Rabatkoder,1,Rabatkoder / STOFF Nagel - rabatkode,1,2025-11-05T08:56:32.124Z,2025-11-05T08:57:36.867Z,4,"Kode: searchmind30
30% rabat",https://app.clickup.com/20450769/v/dc/kg3eh-1581/kg3eh-1018352,
kg3eh-1021272,kaereboern.dk,kg3eh-7705,Rabatkoder,1,Rabatkoder / kaereboern.dk,2,2025-11-19T09:06:31.373Z,2026-04-09T09:24:13.151Z,42,"Hej Rasmus
Jeres rabatkode på de 20% er:

**goodjobsearchmind**

den er begrænset til [searchmind.dk](http://searchmind.dk) mails og indbefatter ikke de varer der er undtaget i vores handelsbetingelser samt varer markeret med julebadget.

Hvis varen skulle være sat ned kigger den på compare price",https://app.clickup.com/20450769/v/dc/kg3eh-1581/kg3eh-1021272,
kg3eh-1051832,oversizedliftingclub.dk - rabatkode,kg3eh-7705,Rabatkoder,1,Rabatkoder / oversizedliftingclub.dk - rabatkode,3,2026-04-28T11:32:37.202Z,2026-04-28T11:33:08.973Z,8,"""Searchmind20""
Kun med searchmind mail og ingen extensions",https://app.clickup.com/20450769/v/dc/kg3eh-1581/kg3eh-1051832,
kg3eh-256145,Rains - rabatkode,kg3eh-7705,Rabatkoder,1,Rabatkoder / Rains - rabatkode,4,2022-11-18T15:13:04.522Z,2024-11-13T13:16:27.686Z,72,"Vores gode venner fra RAINS ![:rain\_cloud:](https://t20450769.p.clickup-attachments.com/t20450769/e40b5616-cb27-44cb-aa08-4b4f80c96e8d/image.png)  har sendt mig en ny rabatkode som I alle må bruge.
Den giver 30% på jeres køb. Den må kun benyttes en enkelt gang, men man må jo gerne købe for 10.000 gennem en Google Ads annonce hvis man har lyst  ![:chart\_with\_upwards\_trend:](https://t20450769.p.clickup-attachments.com/t20450769/94737e6f-3b4d-4270-9496-313a22a3cad0/image.png)
De køre aldrig udsalg på egen side. Så I kan ligeså godt bruge den nu som til black week eller januar ![:money\_with\_wings:](https://t20450769.p.clickup-attachments.com/t20450769/f94373c9-71db-49ec-baa4-2c87a6006936/image.png)Koden er: **SEARCHMIND30RAINS**",https://app.clickup.com/20450769/v/dc/kg3eh-1581/kg3eh-256145,
kg3eh-356432,Ruebirch.dk - Rabatkode,kg3eh-7705,Rabatkoder,1,Rabatkoder / Ruebirch.dk - Rabatkode,5,2023-10-24T13:54:39.062Z,2023-10-24T13:56:05.245Z,20,"Rabatkode på 25% til hele shoppen. Gælder ikke varer på udsalg og kan ikke kombineres med andre rabatter.
Kode: Searchmind25",https://app.clickup.com/20450769/v/dc/kg3eh-1581/kg3eh-356432,
kg3eh-782572,bareen.dk - rabatkode,kg3eh-7705,Rabatkoder,1,Rabatkoder / bareen.dk - rabatkode,6,2024-03-06T09:56:54.807Z,2025-10-20T07:34:36.254Z,13,"""searchmind30%"" giver 30% på alt (undtagen collabs) VIRKER KUN MED SEARCHMIND MAIL LOGIN",https://app.clickup.com/20450769/v/dc/kg3eh-1581/kg3eh-782572,
kg3eh-8325,Grundled.dk	- rabatkode,kg3eh-7705,Rabatkoder,1,Rabatkoder / Grundled.dk	- rabatkode,7,2022-09-27T08:00:19.114Z,2024-06-21T12:24:38.952Z,17,"# [Grundled.dk](http://Grundled.dk) - rabatkode
50% ved brug af koden: SEARCHMIND
Skal gøres igennem en Google Ads annonce",https://app.clickup.com/20450769/v/dc/kg3eh-1581/kg3eh-8325,
kg3eh-8345,"	toftjessen.dk	- rabatkode	
",kg3eh-7705,Rabatkoder,1,"Rabatkoder / 	toftjessen.dk	- rabatkode	
",8,2022-09-27T08:00:19.155Z,2025-01-09T07:41:14.749Z,11,"# [toftjessen.dk](http://toftjessen.dk) - rabatkode
""kode: searchmind Giver 15% på hele shoppen""",https://app.clickup.com/20450769/v/dc/kg3eh-1581/kg3eh-8345,
kg3eh-8385,"	a-view.dk	- rabatkode	
",kg3eh-7705,Rabatkoder,1,"Rabatkoder / 	a-view.dk	- rabatkode	
",9,2022-09-27T08:00:19.191Z,2025-10-02T07:54:56.791Z,11,"# [a-view.dk](http://a-view.dk) - rabatkode
Searchmind\_30 givet 30% rabat på ikke-nedsatte varer.",https://app.clickup.com/20450769/v/dc/kg3eh-1581/kg3eh-8385,
kg3eh-8465,"	bruunsbazaar.dk	- rabatkode	
",kg3eh-7705,Rabatkoder,1,"Rabatkoder / 	bruunsbazaar.dk	- rabatkode	
",10,2022-09-27T08:00:19.265Z,2024-05-14T12:10:33.922Z,10,"# [bruunsbazaar.dk](http://bruunsbazaar.dk) - rabatkode
Få 40 % med kode: searchmind2022",https://app.clickup.com/20450769/v/dc/kg3eh-1581/kg3eh-8465,
kg3eh-8505,"	Ginministeriet	- rabatkode	
",kg3eh-7705,Rabatkoder,1,"Rabatkoder / 	Ginministeriet	- rabatkode	
",11,2022-09-27T08:00:19.297Z,2025-01-14T13:41:16.001Z,19,"# Ginministeriet - rabatkode
\[[https://ginministeriet.dk/](https://ginministeriet.dk/)\]([https://ginministeriet.dk/?fbclid=IwAR3n9PMTaeYLgMGYL3baGgp5m5vrAUo8dwQtOBekHviJwp\_8FAjQrOW\_G2c](https://ginministeriet.dk/?fbclid=IwAR3n9PMTaeYLgMGYL3baGgp5m5vrAUo8dwQtOBekHviJwp_8FAjQrOW_G2c)) Rabatkode: ”friendsofchris”, så er der 15% på alle varer (gælder ikke i forvejen nedsatte)",https://app.clickup.com/20450769/v/dc/kg3eh-1581/kg3eh-8505,
kg3eh-8545,"	Islandsrejser.dk	- rabatkode	
",kg3eh-7705,Rabatkoder,1,"Rabatkoder / 	Islandsrejser.dk	- rabatkode	
",12,2022-09-27T08:00:19.332Z,2025-03-11T14:08:56.759Z,17,"# [Islandsrejser.dk](http://Islandsrejser.dk) - rabatkode
Kontakt dem og sig du kommer fra SM, så finder I en rabat.",https://app.clickup.com/20450769/v/dc/kg3eh-1581/kg3eh-8545,
kg3eh-8565,flowr.dk	- rabatkode,kg3eh-7705,Rabatkoder,1,Rabatkoder / flowr.dk	- rabatkode,13,2022-09-27T08:00:19.354Z,2026-02-09T14:12:46.425Z,8,"# [flowr.dk](http://flowr.dk) - rabatkode
""""""SM10"""" 10% på alt""",https://app.clickup.com/20450769/v/dc/kg3eh-1581/kg3eh-8565,
kg3eh-8585,Spejlblank.dk - rabatkode,kg3eh-7705,Rabatkoder,1,Rabatkoder / Spejlblank.dk - rabatkode,14,2022-09-27T08:00:19.365Z,2025-10-08T13:37:00.590Z,30,"# [Spejlblank.dk](http://Spejlblank.dk) - rabatkode
Man skal booke aftalen med sin arbejdsmail og skrive i notefeltet, at man gerne vil have 10% i rabat.
# \- 10% på privat-vinduespudsning - rabatkode",https://app.clickup.com/20450769/v/dc/kg3eh-1581/kg3eh-8585,
kg3eh-8625,Aboutvintage.com	- rabatkode,kg3eh-7705,Rabatkoder,1,Rabatkoder / Aboutvintage.com	- rabatkode,15,2022-09-27T08:00:19.393Z,2025-10-08T13:13:36.179Z,13,"# [dk.aboutvintage.com](http://dk.aboutvintage.com) - rabatkode
""ihaveafriend"" giver 25 % på alle ikke nedsatte varer.",https://app.clickup.com/20450769/v/dc/kg3eh-1581/kg3eh-8625,
kg3eh-8685,"	Jamesay.dk	- rabatkode	
",kg3eh-7705,Rabatkoder,1,"Rabatkoder / 	Jamesay.dk	- rabatkode	
",16,2022-09-27T08:00:19.421Z,2025-01-09T10:43:57.650Z,8,"# [Jamesay.dk](http://Jamesay.dk) - rabatkode
40% med koden friends40",https://app.clickup.com/20450769/v/dc/kg3eh-1581/kg3eh-8685,
kg3eh-981312,Humdakin - rabatkode,kg3eh-7705,Rabatkoder,1,Rabatkoder / Humdakin - rabatkode,17,2025-03-11T13:54:25.789Z,2025-03-11T13:55:58.882Z,19,"Rabatkode der giver 40 %, i kan bruge: SEARCHMIND40. obs, den kan ikke kombineres med andre rabatter og koder",https://app.clickup.com/20450769/v/dc/kg3eh-1581/kg3eh-981312,
kg3eh-952052,AI & Tools,,,0,AI & Tools,13,2024-11-28T11:06:06.871Z,2025-02-18T08:43:42.068Z,0,,https://app.clickup.com/20450769/v/dc/kg3eh-1581/kg3eh-952052,"{""value"":""emoji::🤖""}"
kg3eh-952072,AI Brug & retningslinjer,kg3eh-952052,AI & Tools,1,AI & Tools / AI Brug & retningslinjer,0,2024-11-28T11:06:24.744Z,2024-12-17T08:14:09.911Z,442,"Searchmind regler for brug af AI i searchmind regi og retningslinjer.

## 1\. ChatGPT / Claude / Gemini mm.

### 🤖Go:
*   På ChatGPT via mc@ eller mc1@ kan vi uploade kundedata. Vi betaler os fra OpenAI ikke bruger den data vi inputter fra brugerne på mc@ og mc1@. F.eks. udtræk fra Google Analytics, e-commerce backend, og lign. kan uploades.

### **🚨** No-go:
*   På ChatGPT login via egen mail f.eks. kh@ login, er det no-go at smide kundedata ind, der kan linkes til kunden. Dvs. f.eks. spend / omsætning og en URL i samme regneark. Mails fra kunder, hvor der indgår sensitive oplysninger osv. Brug mc@ /mc1@ login her. **Hvis i tvivl: Hop på mc@/mc1@**

*   Brug ikke 3. parts apps i ChatGPT til sensitiv kundedata - Samme eksempler som ovenstående. Dette er ligemeget om man er logget ind på mc1, eller personlig mail (kh@)

*   Dette gælder også Claude, Perplexity og alle andre AI/LLMs  mm.

## 2\. Brugen af API fra OpenAI mm.
### 🤖Use cases

*   Brug API nøglen til at lave automations sammen med tools, som Zapier eller Make

*   Brug en API nøgle i AppScript i Google Sheets, Docs, eller lign. til at genere oversættelser, annoncetekster, eller andet.

### 🔑Hvordan får man en API nøgle?
*   Spørg Karsten, eller Grøtner
*   Vi laver en, der er unik til det projekt I arbejder med. Skriv til os hvad API nøglen præcis skal bruges til.

### **🚨No-Go:**

*   API nøgle er din til dit projekt. Den skal ikke deles / bruges til andre ting, end det der er aftalt.

*   API nøglen skal IKKE bruges i 3. parts tools (Tools på hjemmesider og lign.)

*   API nøglen skal ikke indtastes/bruges i kode, som man er usikker på hvad gør.

*   API nøgler skal aldrig deles ud af huset, med kunder eller lign.
*   Dette gælder også Claude, Perplexity og alle andre AI/LLMs som vi evt. opsætter API nøgler til.

## 3\. Kunder og AI
### **🧒Kundespørgsmål**

Vi oplever i højere grad at kunder spørger ind til AI og content produktion, generelle forespørgsler til hjælp, specifikke projekter mm. 
Vi opfordre til man spørger Karsten / Grøtner ift. specifikke cases kunderne kommer med. 

### **🚨 No-Go:**
*   Det er no-go at give et tilbud på content produktion (Tekst, billede, video, lyd) med AI uden man har rådført sig med nærmeste leder, eller Annesofie i content/creative. Skal vi producere noget skal Content komme med en pris. Det er vigtigt at hvert projekt scopes grundigt inden der sendes en pris. 

*   Det er ligeledes no-go at selv eksekverer på tekstproduktion til hjemmesider, medmindre content har været indover. 

Slides med retningslinjer og eksempler:
[https://docs.google.com/presentation/d/1\_8Iz8RmPNN4dXdfr5KZVfB8g-fm3QKQjkSkQP-NqePE/edit#slide=id.g31a2df11a2f\_0\_1563](https://docs.google.com/presentation/d/1_8Iz8RmPNN4dXdfr5KZVfB8g-fm3QKQjkSkQP-NqePE/edit#slide=id.g31a2df11a2f_0_1563)",https://app.clickup.com/20450769/v/dc/kg3eh-1581/kg3eh-952072,"{""value"":""emoji::⚖️""}"
kg3eh-976792,Tools,kg3eh-952052,AI & Tools,1,AI & Tools / Tools,1,2025-02-18T08:45:39.800Z,2026-03-17T10:26:36.006Z,188,"# Generelt

* * *

## AI prompt manager (Chrome extension)
Chrome extension til at gemme prompts, man ofte bruger.
![](https://t20450769.p.clickup-attachments.com/t20450769/579c3774-973e-4948-bee9-4c3b6eae1e9d/image.png)
Skal installeres lokalt med følgende filer:

[

drive.google.com

https://drive.google.com/drive/folders/1CiNa5lOViSWKu20hbI9bq1ruelqWMgPv?usp=drive\_link

](https://drive.google.com/drive/folders/1CiNa5lOViSWKu20hbI9bq1ruelqWMgPv?usp=drive_link)

* * *

# SEO

* * *

## Teknisk rapport / Audit
[audit.searchmind.tech](https://audit.searchmind.tech/)
Ansvarlige: [@Mikkel Estrup Dideriksen](#user_mention#49573497)

* * *

## Linkbestilling
[https://linkbestilling.searchmind.tech/](http://linkbestilling.searchmind.tech)
Ansvarlige: [@Mikkel Estrup Dideriksen](#user_mention#49573497)

* * *

## XML sitemap download
[https://docs.google.com/spreadsheets/d/1ZxjXcQSFkThZRDh-Yg-Ns9IKBFO4TITyETZB8sAU7vU/edit?gid=0#gid=0](https://docs.google.com/spreadsheets/d/1ZxjXcQSFkThZRDh-Yg-Ns9IKBFO4TITyETZB8sAU7vU/edit?gid=0#gid=0)
Ansvarlig: Brian
## Metadata - Kategori - generator
[https://docs.google.com/spreadsheets/d/1soq1GoAhRbue6\_0tDjULsyehYDll5YVLP0kh7CtWESo/edit?gid=0#gid=0](https://docs.google.com/spreadsheets/d/1soq1GoAhRbue6_0tDjULsyehYDll5YVLP0kh7CtWESo/edit?gid=0#gid=0)
Ansvarlig: Brian
## Keyword analysis generator (no API)
[https://docs.google.com/spreadsheets/d/1Eoe1Yr2gyUHTrPMZSSoTxj73lHBAoSI7yF4sITm0EA0/edit?gid=1519303774#gid=1519303774](https://docs.google.com/spreadsheets/d/1Eoe1Yr2gyUHTrPMZSSoTxj73lHBAoSI7yF4sITm0EA0/edit?gid=1519303774#gid=1519303774)
Ansvarlig: Andreas
## 301 generator
[https://docs.google.com/spreadsheets/d/1R7TUWENdKBS5dYvDPlrMYeNn1ujw73GYUxX6ITyPvsg/edit?gid=567007380#gid=567007380](https://docs.google.com/spreadsheets/d/1R7TUWENdKBS5dYvDPlrMYeNn1ujw73GYUxX6ITyPvsg/edit?gid=567007380#gid=567007380)
Ansvarlig: Brian
## XML sitemap download
[https://docs.google.com/spreadsheets/d/1ZxjXcQSFkThZRDh-Yg-Ns9IKBFO4TITyETZB8sAU7vU/edit?gid=0#gid=0](https://docs.google.com/spreadsheets/d/1ZxjXcQSFkThZRDh-Yg-Ns9IKBFO4TITyETZB8sAU7vU/edit?gid=0#gid=0)
Ansvarlig: Brian

# PPC

* * *

## GSN generator
[https://docs.google.com/spreadsheets/d/18CKczvhJegqhPs7odZmgXD-P90rXC9qd0vLOqk1\_f80/edit?gid=0#gid=0](https://docs.google.com/spreadsheets/d/18CKczvhJegqhPs7odZmgXD-P90rXC9qd0vLOqk1_f80/edit?gid=0#gid=0)
Ansvarlig: Brian
## Eksterne tools og PPC list
[https://docs.google.com/spreadsheets/d/1E\_9YdPiwVdbVoKBMXobGWAGL7o69-BYcJF2glMSY0rM/edit?gid=0#gid=0](https://docs.google.com/spreadsheets/d/1E_9YdPiwVdbVoKBMXobGWAGL7o69-BYcJF2glMSY0rM/edit?gid=0#gid=0)

## SoS Overblik
[https://docs.google.com/spreadsheets/d/1ULp8KIhE-sQMqK6opFL0gk\_AKfwrlDhfDucfYt-7BkE/edit?gid=0#gid=0](https://docs.google.com/spreadsheets/d/1ULp8KIhE-sQMqK6opFL0gk_AKfwrlDhfDucfYt-7BkE/edit?gid=0#gid=0)

# Content

* * *

## Kategoritekst generator
[https://docs.google.com/spreadsheets/d/11vocX\_lll6qguwR4BLavLmOdLELaByxGXt2cRIwYEPY/edit?gid=0#gid=0](https://docs.google.com/spreadsheets/d/11vocX_lll6qguwR4BLavLmOdLELaByxGXt2cRIwYEPY/edit?gid=0#gid=0)
Ansvarlig: Brian
## Produktnavn generator
[https://docs.google.com/spreadsheets/d/1HxmGv580SsIGshev0rfTRDfhTqYiYUzY0Ns0UBbuFeQ/edit?gid=0#gid=0](https://docs.google.com/spreadsheets/d/1HxmGv580SsIGshev0rfTRDfhTqYiYUzY0Ns0UBbuFeQ/edit?gid=0#gid=0)
Ansvarlig: Brian
## Produktbeskrivelse generator
[https://docs.google.com/spreadsheets/d/1MgTmUtTEte0Gl48yFmT-iQuWuEO\_EAksF9g3wAJNeTU/edit?pli=1&gid=1580546858#gid=1580546858](https://docs.google.com/spreadsheets/d/1MgTmUtTEte0Gl48yFmT-iQuWuEO_EAksF9g3wAJNeTU/edit?pli=1&gid=1580546858#gid=1580546858)
Ansvarlig: Brian
## Content briefs
[https://docs.google.com/spreadsheets/d/1ESybLeofuyuNuhxXFjSVNxP32eVKaFOn\_u1Xw9MV58s/edit?gid=0#gid=0](https://docs.google.com/spreadsheets/d/1ESybLeofuyuNuhxXFjSVNxP32eVKaFOn_u1Xw9MV58s/edit?gid=0#gid=0)
Ansvarlig: Andreas
## DeepL oversættelse
[https://docs.google.com/spreadsheets/d/1DlXvdEKtOjPqUn5g0ljI52sPEm\_4MO44ANgAIkbwUrg/edit?gid=881072535#gid=881072535](https://docs.google.com/spreadsheets/d/1DlXvdEKtOjPqUn5g0ljI52sPEm_4MO44ANgAIkbwUrg/edit?gid=881072535#gid=881072535)

# PS

* * *

# Creative

* * *

# CS

* * *

## P&L - Profits and Losses
[https://docs.google.com/spreadsheets/d/1mH8ahQ2a-cFmDMZ\_G-oRBx0pxDtcCH48-Z9aO-ZWpHY/edit?gid=1482303192#gid=1482303192](https://docs.google.com/spreadsheets/d/1mH8ahQ2a-cFmDMZ_G-oRBx0pxDtcCH48-Z9aO-ZWpHY/edit?gid=1482303192#gid=1482303192)
Ansvarlig: Brian
## Spendshare potentiale
[https://docs.google.com/spreadsheets/d/1UrHhakrVbwBsz9krFO7Egq2nx70HUymyVaHCGXAZzvk/edit?gid=0#gid=0](https://docs.google.com/spreadsheets/d/1UrHhakrVbwBsz9krFO7Egq2nx70HUymyVaHCGXAZzvk/edit?gid=0#gid=0)
Ansvarlig: Brian

* * *",https://app.clickup.com/20450769/v/dc/kg3eh-1581/kg3eh-976792,"{""value"":""emoji::🛠️""}"
kg3eh-965752,Uniqkey,,,0,Uniqkey,14,2025-01-21T10:41:44.426Z,2025-02-20T12:55:05.941Z,0,,https://app.clickup.com/20450769/v/dc/kg3eh-1581/kg3eh-965752,"{""value"":""emoji::🔐""}"
kg3eh-965772,Manuel opdatering af kode,kg3eh-965752,Uniqkey,1,Uniqkey / Manuel opdatering af kode,0,2025-01-21T10:42:11.154Z,2025-02-20T13:02:22.756Z,141,"# Sikre koder på arbejdsmail

Hver 3. måned skal der laves nye adgangskoder på alle searchmind mails. Det bliver i tvunget til helt automatisk og I vil blive mødt af en ""Lav ny kode"" landingsside.

Følg nedenstående fremgangsmåde, for ikke at blive lukket ude af jeres konto.

*   Generer en random kode med Uniqkey, der er minimum 15 karakterer lang. (Uniqkey extension -> Tandhjul -> Password Generator)
*   Indtast koden på ""Lav ny kode"" landingssiden
*   Åben Uniqkey extension og tryk ind på din arbejdsmail
*   Tryk på de 3 prikker oppe i højre hjørne -> Rediger
*   Indsæt den nye adgangskode og tryk på gem ikonet
*   Åben Uniqkey på din telefon for at ændringen bliver gemt

![](https://t20450769.p.clickup-attachments.com/t20450769/03c111db-89a9-4a13-ba88-481e31b0e3e9/image.png)

![](https://t20450769.p.clickup-attachments.com/t20450769/6fdc916f-387c-4416-8df1-957582afdad9/image.png)
![](https://t20450769.p.clickup-attachments.com/t20450769/1d29aabb-412d-4683-8aac-2d6080ffd9cc/image.png)

Tryk ind på det specifikke login du vil opdatere:
![](https://t20450769.p.clickup-attachments.com/t20450769/1e3fba2e-f4a9-4411-9899-f23c54a441e2/image.png)

Tryk rediger:
![](https://t20450769.p.clickup-attachments.com/t20450769/5d63c01f-ef18-4805-9f7f-b8714da61b1d/image.png)

Indsæt nyt password og tryk gem:
![](https://t20450769.p.clickup-attachments.com/t20450769/068bf824-ee64-4bc8-8cff-5b82602622ee/image.png)",https://app.clickup.com/20450769/v/dc/kg3eh-1581/kg3eh-965772,"{""value"":""emoji::🔑""}"
kg3eh-965792,Nulstilling af Master password,kg3eh-965752,Uniqkey,1,Uniqkey / Nulstilling af Master password,1,2025-01-21T10:44:47.751Z,2025-01-21T10:48:16.977Z,86,"### Hvordan nulstilles Uniqkey master password?
Skulle det utænkelige ske, at du har glemt dit Uniqkey master password, så skal du anmode om en nulstilling og derefter tage fat i en Uniqkey admin, der kan godkende anmodningen (Grøtner eller Brian).

Det er vigtigt, at tjekke om din Uniqkey app er opdateret til seneste version og kun sende en anmodning. Hver gang man trykker på ""Anmod"" knappen, vil der blive sendt en anmodning og dette kan resultere i fejl i procsessen, som kun Uniqkey support kan løse.",https://app.clickup.com/20450769/v/dc/kg3eh-1581/kg3eh-965792,"{""value"":""emoji::🗣️""}"
kg3eh-965812,Uniqkey som 2FA authentication app,kg3eh-965752,Uniqkey,1,Uniqkey / Uniqkey som 2FA authentication app,2,2025-01-21T10:48:36.086Z,2025-01-21T10:59:41.981Z,126,"### Uniqkey eller Google Authenticator app?
Uniqkey kan fungere som 2FA app, hvilket gør det markant nemmere og mere sikkert at logge ind på logins med 2FA aktiveret.

Når 2FA er opsat igennem Uniqkey, så håndterer appen hele login flowet - uden at du skal forholde dig til hverken kodeord eller 2FA kode.

### How to
1. Aktiver 2FA (2 faktor login) på den bruger du ønsker at opsætte det på (F.eks Google arbejdsmail) og bliv på landingssiden der viser en QR kode
2. Åben Uniqkey på din telefon og tryk ind på det tilsvarende login (Min opbevaring → Dit login)
3. Tryk øverst på cirklen (+ Opsæt 2FA)
4. Scan QR koden med din telefon
5. Indtast koden i aktiveringen af 2FA fra punkt 1",https://app.clickup.com/20450769/v/dc/kg3eh-1581/kg3eh-965812,"{""value"":""emoji::🔐""}"